ISTACK,LATITUDE,LONGITUDE,STKDM,STKHT,STKTK,STKVE,STKFLW,STKCNT,ROW,COL,XLOCA,YLOCA,LMAJOR,LPING,IFIP,SO2,NOX,VOC,CO,PM25,PM10,NH3
1,35.34722456,106.4304805,2.62,98,234,2.37,2600,,,,,,1,0,51104,22.933,0,0.0229,1.1091,9.1911,16.1248,16.1248
2,35.34707635,106.4641785,3.28,180,246,829.28,3400,,,,,,,,51104,108.6505,0,14.571,21.301,173.9241,305.1299,305.1299
3,35.37471088,106.4306564,2.62,164,234,49.91,2000,,,,,,,,51106,59.2729,25.1381,0.1058,5.1191,4.7134,8.2691,8.2691
4,35.40233614,106.3971108,2.62,164,234,2.38,2000,,,,,,,,51106,1.312,0.5193,0.0022,0.1058,0.0974,0.1709,0.1709
5,35.4021974,106.4308324,3.28,115,230,8.57,2800,,,,,,,,51106,10.9659,4.3407,0.0183,0.8839,0.8138,1.4278,1.4278
6,35.42982291,106.3972752,6.56,164,189,1.54,2600,,,,,,,,51106,9.6737,3.8291,0.0161,0.7798,0.718,1.2597,1.2597
7,35.42968412,106.4310086,3.28,180,246,10.29,3500,,,,,,,,51106,11.4599,4.86,0.0205,0.9897,0.9113,1.5987,1.5987
8,35.45743914,106.3636945,4.59,131,189,3.02,2400,,,,,,,,51106,25.4027,10.0552,0.0423,2.0477,1.8854,3.3076,3.3076
9,35.45730987,106.3974397,5.9,98,172,1.78,2200,,,,,,,,51106,27.5196,10.8932,0.0459,2.2183,2.0425,3.5833,3.5833
10,35.45717103,106.4311848,2.62,148,234,6.1,200,,,,,,,,51108,6.2018,2.3242,0.0099,0.4795,0.4,0.7018,0.7018
11,35.48504607,106.3300903,2.62,164,187,19.05,3259,,,,,,,,51108,14.8678,7.2768,0.031,1.5016,1.4247,2.4995,2.4995
12,35.48492633,106.3638474,2.62,164,187,31.11,3259,,,,,,,,51108,15.8271,9.9229,0.0423,2.0477,1.5165,2.6604,2.6604
13,35.51253347,106.3302315,2.62,164,187,20.42,3259,,,,,,,,51108,15.1876,7.4422,0.0317,1.5357,1.4552,2.5529,2.5529
14,35.54013129,106.2965921,2.62,164,234,23.11,200,,,,,,,,51107,192.637,0,0.2751,13.3097,98.0385,171.9974,171.9974
15,35.54002105,106.3303728,2.62,164,237,77.96,3200,,,,,,,,51108,23.6055,860.538,23.298,0.515,0,0,0
16,35.56815606,105.8236209,5.9,98,172,3.12,2200,,,,,,,,51107,168.6897,0,0.2381,11.5181,87.0406,152.7028,152.7028
17,35.56761907,106.2967217,5.9,98,172,2.87,2200,,,,,,,,51107,157.7745,0,0.2187,10.5795,81.0703,142.2286,142.2286
18,35.5675088,106.3305143,4.92,148,201,4.13,2000,,,,,,,,51107,507.1717,0,1.0582,51.1913,267.092,468.5825,468.5825
19,35.59561062,105.7897807,6.56,164,189,0.93,2600,,,,,,,,51107,29.6365,0,0.0423,2.0477,15.0828,26.4611,26.4611
20,35.5956442,105.8235855,3.28,98,194,0.56,3400,,,,,,,,51107,3.3341,0,0.0042,0.2048,1.7282,3.032,3.032
21,35.59520774,106.2630471,2.95,131,174,0.46,3400,,,,,,,,51107,2.3815,0,0.0028,0.1365,1.2255,2.15,2.15
22,35.59510702,106.2968515,2.43,115,262,2.95,3400,,,,,,,,51114,6.6153,2.0673,0.0088,0.4266,0.7856,1.3782,1.3782
23,35.6230989,105.7897335,2.62,115,221,4.53,8000,,,,,,,,51114,3.7332,1.0551,0.0106,0.5119,0.4808,0.8434,0.8434
24,35.62313248,105.8235501,2.62,164,187,44.08,3259,,,,,,,,51114,143.9927,47.9608,0.2046,9.897,88.2975,154.9079,154.9079
25,35.62269587,106.2631651,3.28,98,234,1.84,200,,,,,,,,51113,7.9416,4.6969,0.0227,0.9454,0,0,0
26,35.65062092,105.8235147,1.31,98,221,648.69,2800,,,,,,,,51113,9.4995,17.6408,0.8168,0.0181,0,0,0
27,35.65018415,106.2632832,2.62,164,187,37.36,3259,,,,,,,,51114,28.2131,13.0652,0.0741,3.5834,5.6278,9.8733,9.8733
28,35.65008335,106.2971112,2.62,164,187,35.13,3259,,,,,,,,51112,36.8692,9.096,0.0388,1.877,17.0939,29.9893,29.9893
29,35.67810949,105.8234792,2.62,164,187,16.83,3259,,,,,,,,51112,127.3442,31.4226,0.134,6.4842,39.0897,68.5784,68.5784
30,35.67757174,106.2972412,3.28,98,203,16.14,3200,,,,,,,,51113,5.6186,0,0.0225,1.087,0,0,0
31,35.67746131,106.3310809,2.62,164,187,13.61,3259,,,,,,,,51113,24.3685,0.9923,0.0423,2.0477,1.3197,2.3153,2.3153
32,35.70556457,105.7895917,4.59,131,189,2.23,2400,,,,,,,,51114,2.3837,1.4443,0.0056,0.273,0.1137,0.1996,0.1996
33,35.70559819,105.8234437,2.62,164,187,107.38,3259,,,,,,,,51114,56.7679,26.2891,0.1817,8.7896,11.3241,19.8668,19.8668
34,35.70516112,106.2635196,4.92,197,187,86.04,3259,,,,,,,,51114,529.2226,165.3821,0.7055,34.1276,282.8033,496.1462,496.1462
35,35.70506025,106.2973712,4.59,131,189,1.86,2400,,,,,,,,51114,1.9846,0.9702,0,0,0.1618,0.2839,0.2839
36,35.70331677,106.6697315,2.43,115,262,5.89,3000,,,,,,,,51112,0,3.3319,0.5089,0.0113,0,0,0
37,35.70310064,106.7035815,1.64,115,234,12.8,2300,,,,,,,,51112,0,2.0011,0.3047,0.0067,0,0,0
38,35.73305339,105.7895444,2.62,164,187,59.89,3259,,,,,,,,51112,86.3074,21.2924,0.0908,4.3939,21.581,37.8615,37.8615
39,35.73308703,105.8234082,2.62,164,187,211.48,3259,,,,,,,,51112,113.1213,27.9077,0.119,5.759,25.1381,44.1019,44.1019
40,35.73264979,106.2636379,3.94,131,174,40.67,3700,,,,,,,,51112,0,2.6219,0.3299,0.0073,0,0,0
41,35.73080479,106.6699918,2.62,164,237,10.45,3200,,,,,,,,51112,0,7.6329,1.1624,0.0257,0,0,0
42,35.73058859,106.7038537,3.94,131,174,16.23,3700,,,,,,,,51112,0,16.5514,2.2619,0.05,0,0,0
43,35.76057598,105.8233727,2.62,164,187,2.52,3259,,,,,,,,51112,34.5208,8.5172,0.0363,1.7576,13.8234,24.2516,24.2516
44,35.76013859,106.2637564,2.62,164,237,421.69,3200,,,,,,,,51112,20.364,31.5328,2.7646,0.0611,13.5997,23.8591,23.8591
45,35.76003766,106.2976317,2.43,115,262,46.82,3400,,,,,,,,51112,0,6.2503,0.9519,0.021,0,0,0
46,35.75829294,106.6702523,2.62,164,187,19.45,3259,,,,,,,,51112,62.8783,15.5128,0.0662,3.2012,22.6444,39.727,39.727
47,35.75807666,106.704126,2.62,164,187,6.37,3259,,,,,,,,51112,40.2209,9.9229,0.0423,2.0477,12.569,22.0509,22.0509
48,35.78806505,105.8233372,2.62,164,187,6.54,3259,,,,,,,,51112,100.5523,24.8073,0.1058,5.1191,22.6243,39.6917,39.6917
49,35.78752654,106.297762,3.94,131,174,7.94,3700,,,,,,,,51112,0,2.8953,0.3958,0.0088,0.1131,0.1985,0.1985
50,35.7857812,106.670513,2.62,164,187,17.42,3259,,,,,,,,51112,95.5247,23.5669,0.1005,4.8632,23.9189,41.9629,41.9629
51,35.81555423,105.8233016,2.43,115,262,21.68,3400,,,,,,,,51112,0,2.1037,0.3204,0.0071,0,0,0
52,35.81557828,105.857201,2.43,115,262,9.04,3400,,,,,,,,51112,0,1.2382,0.1885,0.0042,0,0,0
53,35.81511653,106.2639935,3.28,98,203,23.52,3200,,,,,,,,51112,35.6487,27.8503,0.1188,5.7471,47.6241,83.551,83.551
54,35.81501553,106.2978925,2.62,164,187,30.57,3259,,,,,,,,51112,131.4236,32.4314,0.1383,6.6924,46.2541,81.1475,81.1475
55,35.81326957,106.6707739,2.62,164,187,18.15,3259,,,,,,,,51112,33.5174,8.2691,0.0353,1.7064,5.5681,9.7686,9.7686
56,35.84306757,105.8571773,3.94,131,174,411.99,3700,,,,,,,,51112,0.398,2.408,0.3299,0.0073,0.1015,0.1781,0.1781
57,35.84260566,106.2641121,2.62,164,187,18.15,3259,,,,,,,,51112,117.311,28.9419,0.1235,5.9723,37.7071,66.1528,66.1528
58,35.84096494,106.6371255,2.62,164,237,18.94,3200,,,,,,,,51112,0,13.8414,2.108,0.0466,0,0,0
59,35.84075804,106.671035,4.92,197,187,5.16,3259,,,,,,,,51112,41.566,10.2537,0.0437,2.1159,26.6464,46.748,46.748
60,35.87055695,105.8571536,3.28,164,187,94.58,3259,,,,,,,,51112,76.4175,18.8536,0.0804,3.8905,11.463,20.1105,20.1105
61,35.87009488,106.2642309,3.28,115,221,5.43,8000,,,,,,,,51112,8.4676,2.5932,0.0282,1.3651,4.7134,8.2691,8.2691
62,35.86824661,106.6712962,2.62,148,234,4.02,2000,,,,,,,,51112,0,1.6086,0.245,0.0054,0,0,0
63,35.89802235,105.8231947,2.62,164,187,16.86,3259,,,,,,,,51112,60.6621,14.9671,0.0638,3.0885,19.1301,33.5615,33.5615
64,35.89804643,105.8571298,2.43,115,262,88.38,2800,,,,,,,,51112,1.0584,0.8269,0.0035,0.1706,1.414,2.4807,2.4807
65,35.89758419,106.2643497,2.62,164,187,18.91,3259,,,,,,,,51112,115.6572,28.5284,0.1217,5.887,23.6298,41.4558,41.4558
66,35.89573527,106.6715576,2.62,164,187,5.34,3259,,,,,,,,51112,67.0349,16.5382,0.0705,3.4128,15.0828,26.4611,26.4611
67,35.9255119,105.823159,2.62,164,187,16.92,3259,,,,,,,,51112,95.0175,23.4424,0.1,4.8376,29.6881,52.0843,52.0843
68,35.92507358,106.2644686,2.62,164,187,54.38,3259,,,,,,,,51112,41.0589,10.1302,0.0432,2.0903,22.4609,39.405,39.405
69,35.92322401,106.6718193,4.92,197,187,5.55,3259,,,,,,,,51112,74.4109,18.192,0.0783,3.7882,21.6187,37.9276,37.9276
70,35.9529678,105.7891645,4.92,197,187,6.69,3259,,,,,,,,51112,58.6555,14.4709,0.0617,2.9862,23.8812,41.8968,41.8968
71,35.95300153,105.8231233,4.92,197,187,6.83,3259,,,,,,,,51112,68.7107,16.9517,0.0723,3.4981,24.3839,42.7788,42.7788
72,35.95256306,106.2645876,2.62,164,187,18.15,3259,,,,,,,,51112,11.9957,2.9603,0.0126,0.6109,2.9914,5.2481,5.2481
73,35.95071283,106.672081,4.92,197,187,5.16,3259,,,,,,,,51112,117.311,28.9419,0.1235,5.9723,25.1381,44.1019,44.1019
74,35.98045748,105.7891168,2.62,164,187,29.38,3259,,,,,,,,51112,71.3899,17.6132,0.0751,3.6346,6.8501,12.0178,12.0178
75,35.98049123,105.8230876,4.92,197,187,5.9,3259,,,,,,,,51112,67.0349,16.5382,0.0705,3.4128,28.9088,50.7172,50.7172
76,35.9800526,106.2647067,4.92,197,187,8.25,3259,,,,,,,,51112,82.7903,20.4247,0.0871,4.2148,20.1105,35.2815,35.2815
77,35.97995138,106.2986771,2.62,164,187,15.67,3259,,,,,,,,51112,56.9796,14.0575,0.06,2.9008,9.2634,16.2515,16.2515
78,35.97820172,106.672343,4.92,197,187,1.95,3259,,,,,,,,51112,67.0349,16.5382,0.0705,3.4128,20.1105,35.2815,35.2815
79,36.00801956,105.8910173,2.43,115,262,4.89,3400,,,,,,,,51112,0,3.8159,0.5215,0.0115,0,0,0
80,36.00763382,106.2308435,2.43,115,262,8.56,3400,,,,,,,,51112,0,2.6417,0.4021,0.0089,2.5619,4.4945,4.4945
81,36.00754221,106.2648259,2.43,115,262,44.13,2800,,,,,,,,51112,5.6417,7.591,1.1875,0.0263,0.6995,1.2271,1.2271
82,36.00569067,106.6726052,2.62,164,187,18.15,3259,,,,,,,,51112,23.4622,5.7884,0.0247,1.1945,5.9074,10.3639,10.3639
83,36.0355094,105.8910053,2.62,164,187,42.35,3259,,,,,,,,51112,115.6572,28.5284,0.1217,5.887,36.0103,63.176,63.176
84,36.03512352,106.2309509,2.62,164,187,11,3259,,,,,,,,51112,64.0139,15.794,0.0674,3.2592,20.1105,35.2815,35.2815
85,36.03317968,106.6728675,2.62,164,187,7.24,3259,,,,,,,,51112,93.8488,23.1535,0.0988,4.7779,22.8756,40.1327,40.1327
86,36.03296263,106.7068601,2.62,164,187,15.82,3259,,,,,,,,51112,185.0074,45.6455,0.1947,9.4192,57.7296,101.28,101.28
87,36.06299928,105.8909934,2.62,164,187,53,3259,,,,,,,,51112,54.4658,13.4378,0.0573,2.7729,23.9189,41.9629,41.9629
88,36.06261327,106.2310583,3.94,131,174,3.53,3700,,,,,,,,51112,0,1.3297,0.2011,0.0044,0,0,0
89,36.09048921,105.8909815,2.62,164,187,18.29,3259,,,,,,,,51112,189.4176,46.7204,0.1993,9.641,59.0242,103.5512,103.5512
90,36.09010306,106.2311658,2.43,115,262,8.31,3400,,,,,,,,51112,0,3.2691,0.1068,0.0024,0.1455,0.2552,0.2552
91,36.08836541,106.6393762,2.95,131,174,27.78,3400,,,,,,,,51113,0.6251,3.3738,0.2827,0.0063,0,0,0
92,36.11797918,105.8909695,2.62,164,237,15.46,3200,,,,,,,,51113,0.6781,22.2406,1.1498,0.0254,2.2081,3.8738,3.8738
93,36.11798401,105.925,6.56,164,189,0.64,2600,,,,,,,,51113,2.2007,1.72,0.0092,0.4437,0.0949,0.1665,0.1665
94,36.1175929,106.2312733,4.59,131,189,8.15,2400,,,,,,,,51113,0.6737,3.6362,0.3047,0.0067,0,0,0
95,36.11585463,106.6396271,6.56,164,230,0.23,8000,,,,,,,,51113,2.6461,2.4807,0.0106,0.5119,0,0,0
96,36.14547402,105.925,9.84,197,230,0.96,2800,,,,,,,,51113,0.5259,5.3584,0.4712,0.0104,0.202,0.3545,0.3545
97,36.14516488,106.1973388,2.62,164,187,30.02,3259,,,,,,,,51113,28.2252,0.7938,0.1129,5.4604,0,0,0
98,36.14508276,106.2313809,6.56,164,189,0.87,2600,,,,,,,,51113,10.1611,7.9383,0.0423,2.0477,0.4167,0.731,0.731
99,36.14354192,106.6058376,6.56,164,189,0.65,2600,,,,,,,,51113,3.9515,2.3153,0.0123,0.5972,0.1691,0.2966,0.2966
100,36.14334388,106.6398783,2.62,164,187,91.87,3259,,,,,,,,51113,31.319,1.8765,0.0801,3.8735,0,0,0
101,36.17296405,105.925,9.84,197,230,0.93,3000,,,,,,,,51113,11.9075,15.364,0.0655,3.1705,0.6083,1.0673,1.0673
102,36.1726548,106.1974345,6.56,164,189,0.58,2600,,,,,,,,51113,2.3705,1.8523,0.0099,0.4778,0.1936,0.3396,0.3396
103,36.17121971,106.5720241,6.56,164,189,0.64,2600,,,,,,,,51113,2.3705,0.4509,0.0099,0.4778,0.1389,0.2437,0.2437
104,36.17103127,106.6060769,3.94,131,174,281.53,3700,,,,,,,,51113,1.021,5.5105,0.4618,0.0102,0.334,0.586,0.586
105,36.2004541,105.925,2.62,164,187,17.33,3259,,,,,,,,51113,53.6279,13.2306,0.0564,2.7302,25.1381,44.1019,44.1019
106,36.20044927,105.9590664,2.62,164,187,52.93,3259,,,,,,,,51113,16.7587,1.1301,0.0705,3.4128,3.7707,6.6153,6.6153
107,36.20014474,106.1975303,6.56,164,189,0.54,2600,,,,,,,,51113,3.161,1.8523,0.0099,0.4778,0.1483,0.2602,0.2602
108,36.19870915,106.5722517,1.31,98,221,462.2,2800,,,,,,,,51113,5.4245,0.3341,0.7477,0.0165,0,0,0
109,36.22792482,105.8568433,2.62,164,187,0.54,3259,,,,,,,,51113,26.4611,0.7993,0.1058,5.1191,2.1462,3.7652,3.7652
110,36.22793933,105.8909216,3.94,131,174,64.74,1500,,,,,,,,51113,5.182,1.4002,0.275,13.3029,2.3158,4.0629,4.0629
111,36.22794417,105.925,3.94,131,174,0.24,3800,,,,,,,,51113,0.3473,1.8743,0.1571,0.0035,0,0,0
112,36.22793933,105.9590784,2.62,98,234,5.24,2200,,,,,,,,51114,1.5689,0.2646,0.3927,0.0087,0.0113,0.0198,0.0198
113,36.22770723,106.1635481,2.62,164,237,838.08,3200,,,,,,,,51113,418.1101,155.7877,7.2915,221.3295,42.0573,73.7847,73.7847
114,36.2276347,106.1976262,6.56,164,189,127.25,3400,,,,,,,,51113,86.916,17.4202,45.2389,1,8.6123,15.1093,15.1093
115,36.2261986,106.5724793,6.56,164,189,0.67,2600,,,,,,,,51113,3.8104,2.9769,0.0159,0.7679,0.1823,0.3197,0.3197
116,36.25541489,105.8568193,2.43,115,262,10.44,3400,,,,,,,,51113,18.5228,5.7884,0.0247,1.1945,0.5373,0.9427,0.9427
117,36.2554294,105.8909096,6.56,164,189,0.61,2600,,,,,,,,51113,1.8523,1.8523,0.0099,0.4778,0.1747,0.3065,0.3065
118,36.25519722,106.163632,2.62,164,187,0.55,3259,,,,,,,,51113,10.5845,9.9229,0.1058,5.1191,1.1312,1.9846,1.9846
119,36.25368806,106.5727072,6.56,164,189,0.67,2600,,,,,,,,51113,1.7641,1.6538,0.0088,0.4266,0.0943,0.1654,0.1654
120,36.25349942,106.606796,6.56,164,203,4.09,2800,,,,,,,,51113,0.3671,6.4797,0.443,0.0098,0.4006,0.7029,0.7029
121,36.28291947,105.8908976,6.56,164,189,0.58,2600,,,,,,,,51113,2.9636,1.9846,0.0106,0.5119,0.3535,0.6202,0.6202
122,36.28268721,106.163716,3.94,131,174,58.31,3700,,,,,,,,51113,1.3054,7.0475,0.5914,0.0152,0,0,0
123,36.28117752,106.5729352,6.56,164,189,0.66,2600,,,,,,,,51113,2.5579,2.4311,0.0102,0.4948,0.1571,0.2756,0.2756
124,36.31039502,105.8567713,6.56,164,230,32.18,2800,,,,,,,,51113,214.6814,72.6215,6.6726,80.8018,22.2032,38.953,38.953
125,36.31040954,105.8908856,4.59,131,189,3.09,2400,,,,,,,,51113,0.6119,3.2988,0.2765,0.0061,0,0,0
126,36.31024013,106.1296859,2.62,115,217,48.32,2000,,,,,,,,51113,91.5059,21.4467,0.1146,5.5326,0.9427,1.6538,1.6538
127,36.3101772,106.1638001,2.62,164,237,4.27,3200,,,,,,,,51113,0.8203,2.462,1.5708,0.0347,1.2088,2.1207,2.1207
128,36.33786086,105.8226209,2.62,164,187,18.15,3259,,,,,,,,51112,93.6504,23.1039,0.0986,4.7676,22.1341,38.8317,38.8317
129,36.33788507,105.8567472,2.62,164,237,107.32,3200,,,,,,,,51113,18.8139,331.1125,10.1348,0.224,7.527,13.2052,13.2052
130,36.33773012,106.129758,2.62,164,237,265.97,3200,,,,,,,,51113,85.7727,585.3202,28.8806,0.6384,7.4047,12.9908,12.9908
131,36.33666484,106.4710164,6.56,164,189,0.58,2600,,,,,,,,51113,2.8225,1.6538,0.0088,0.4266,0.2105,0.3694,0.3694
132,36.36535089,105.8225848,4.59,131,189,13.2,2800,,,,,,,,51113,1.6593,2.3341,0.044,0.001,0.2957,0.5187,0.5187
133,36.36537511,105.8567232,6.56,164,230,13.47,2800,,,,,,,,51113,0.4542,6.483,5.3753,0.1188,0.5543,0.9724,0.9724
134,36.3652201,106.1298302,2.62,148,234,10.08,700,,,,,,,,51114,3.5634,0.8269,0.0035,0.1706,0.1474,0.2585,0.2585
135,36.36415445,106.4712089,4.59,131,189,1.79,3900,,,,,,,,51114,1.3385,0.5237,0.0155,0.7508,0.1028,0.1803,0.1803
136,36.39284089,105.8225487,6.56,164,189,0.49,2600,,,,,,,,51113,2.709,1.5877,0.0085,0.4095,0.1744,0.306,0.306
137,36.39286512,105.8566991,3.28,180,246,5457.68,3400,,,,,,,,51113,9483.1006,1139.6633,946.8621,371.4335,488.8689,857.6648,857.6648
138,36.39271006,106.1299024,4.92,197,187,1.55,3259,,,,,,,,51113,39.5572,0.6891,0.0529,2.5596,0.8641,1.516,1.516
139,36.39193476,106.4031024,9.84,197,230,165.14,2800,,,,,,,,51113,76.2963,153.8053,201.2815,4.4494,0,0,0
140,36.39179424,106.437252,9.84,197,230,0.48,3000,,,,,,,,51114,6.2625,1.7641,0.0071,0.3413,0.8484,1.4884,1.4884
141,36.39164403,106.4714014,2.62,164,187,33.27,3259,,,,,,,,51114,42.3378,8.6826,0.037,1.7917,46.2698,81.175,81.175
142,36.4202533,105.7541877,2.62,164,187,28.87,3259,,,,,,,,51114,111.1368,34.7302,0.1482,7.1668,59.3887,104.1907,104.1907
143,36.42029693,105.7883501,2.62,164,187,112.23,3259,,,,,,,,51114,370.4558,115.7675,0.4938,23.8893,197.9623,347.3024,347.3024
144,36.42033086,105.8225126,4.92,197,187,1.18,3259,,,,,,,,51114,5.2393,1.8104,0.0077,0.3737,0.6882,1.2073,1.2073
145,36.42019998,106.1299747,9.84,197,230,0.08,2800,,,,,,,,51114,2.032,1.1908,0.0051,0.2457,0.4525,0.7938,0.7938
146,36.41955529,106.3691093,3.28,180,246,25.98,3400,,,,,,,,51114,23.4942,9.1776,41.2411,2.8049,3.4876,6.1186,6.1186
147,36.41942442,106.403271,6.56,164,203,3.13,3900,,,,,,,,51114,2.7332,2.1037,0.0141,0.6826,0.3878,0.6803,0.6803
148,36.44768987,105.719953,1.64,115,234,79.88,2300,,,,,,,,51114,38.0202,10.1346,0.0508,2.4572,0.6168,1.0822,1.0822
149,36.44774321,105.7541274,2.62,98,234,5.67,3000,,,,,,,,51114,13.2306,4.1346,0.0176,0.8532,0.1527,0.2679,0.2679
150,36.44768987,106.130047,1.64,115,234,6.92,2300,,,,,,,,51114,2.8181,1.742,0.0075,0.3635,0.6693,1.1742,1.1742
151,36.44716618,106.3350921,3.28,98,203,4.72,3200,,,,,,,,51114,8.859,2.9041,0.0123,0.5972,0.1339,0.2348,0.2348
152,36.44704495,106.369266,2.62,164,187,19.21,3259,,,,,,,,51114,8.4643,7.2272,0.0988,4.7779,11.1151,19.5002,19.5002
153,36.44691403,106.4034398,4.59,131,189,0.74,2400,,,,,,,,51114,1.1522,0.3484,0.0026,0.128,0.076,0.1334,0.1334
154,36.47511666,105.6856942,6.56,164,189,1.37,2600,,,,,,,,51114,7.6517,2.4807,0.0106,0.5119,0.675,1.1841,1.1841
155,36.47517972,105.7198807,1.64,115,234,4.84,2300,,,,,,,,51114,7.2768,2.2735,0.0097,0.4693,0.8641,1.516,1.516
156,36.47517972,106.1301193,3.28,180,246,1.43,3400,,,,,,,,51114,0.5766,1.9085,0.2608,0.0058,0.0082,0.0143,0.0143
157,36.47465584,106.3352368,2.62,164,187,37.81,3259,,,,,,,,51114,132.3057,41.3455,0.1764,8.5319,70.7008,124.0366,124.0366
158,36.50260643,105.6856098,2.62,164,187,5.9,3259,,,,,,,,51114,22.492,7.0287,0.03,1.4504,12.0191,21.0862,21.0862
159,36.50266951,106.1301918,2.43,115,262,5.41,2800,,,,,,,,51114,3.473,8.2393,0.0352,1.7013,0.4503,0.79,0.79
160,36.50260643,106.1643902,6.56,164,203,0.83,2800,,,,,,,,51114,3.4267,1.4565,0.0127,0.6143,0.2869,0.5033,0.5033
161,36.50214545,106.3353817,2.62,164,187,112.07,3259,,,,,,,,51114,147.8714,61.5221,0.254,12.2859,101.7715,178.5465,178.5465
162,36.53009615,105.6855252,65.6,164,203,0,2800,,,,,,,,51114,1.5877,0.4961,0.0021,0.1024,0.0943,0.1654,0.1654
163,36.53015925,106.1302642,9.84,197,230,6.74,2800,,,,,,,,51114,210.9415,112.8325,1.843,89.1531,10.0788,17.6821,17.6821
164,36.53009615,106.1644748,2.43,115,262,8.02,2400,,,,,,,,51114,4.0508,0.86,0.025,1.2081,0.3277,0.575,0.575
165,36.52974665,106.3013164,2.62,164,187,151.24,3259,,,,,,,,51114,264.6113,82.691,0.3527,17.0638,141.4017,248.0731,248.0731
166,36.52963501,106.3355266,2.62,164,187,176.8,3259,,,,,,,,51114,329.9527,193.3316,0.8247,39.8951,330.5971,579.9949,579.9949
167,36.55751297,105.651218,2.43,115,262,7.08,3500,,,,,,,,51114,3.2084,1.9846,0.1018,0.3655,0.4412,0.774,0.774
168,36.55758581,105.6854406,6.56,164,189,0.99,2600,,,,,,,,51114,3.7046,3.473,0.0148,0.7167,0.6285,1.1025,1.1025
169,36.55764893,106.1303367,3.28,180,246,13.94,3400,,,,,,,,51114,3.8898,3.6472,0.0156,0.7525,1.3857,2.4311,2.4311
170,36.5571245,106.3356716,2.62,115,262,3.51,3700,,,,,,,,51114,14.3949,0.8765,0.0192,0.9283,0.0886,0.1555,0.1555
171,36.58482766,105.5826521,2.62,164,187,87.17,3259,,,,,,,,51114,32.9143,15.2427,0.4938,23.8893,6.5658,11.5189,11.5189
172,36.58491995,105.6168866,6.56,164,203,1.13,2800,,,,,,,,51114,6.763,3.1434,0.0353,1.7064,0.8688,1.5243,1.5243
173,36.58500253,105.6511213,3.28,98,237,15.18,3000,,,,,,,,51114,5.5987,18.5294,2.5321,0.056,0.7243,1.2707,1.2707
174,36.58513854,106.1304093,2.62,98,234,14.93,3400,,,,,,,,51114,1.1048,3.6549,0.4995,0.011,0.143,0.2508,0.2508
175,36.58461393,106.3358168,2.62,98,234,5.58,3400,,,,,,,,51114,0.3683,1.2183,0.1665,0.0037,0.0478,0.0838,0.0838
176,36.6119818,105.4797916,2.62,164,203,18.93,3000,,,,,,,,51114,15.6562,1.3561,0.4064,10.2426,0.3111,0.5458,0.5458
177,36.61210328,105.514038,6.56,164,203,4.89,2800,,,,,,,,51114,7.0177,1.7442,0.0021,0.1007,0.6888,1.2084,1.2084
178,36.61221504,105.5482845,2.62,164,187,33.77,3259,,,,,,,,51114,105.8445,33.0764,0.1411,6.8255,56.5607,99.2292,99.2292
179,36.61231709,105.582531,2.62,164,237,31.52,3200,,,,,,,,51114,29.5626,254.1327,17.417,0.385,2.0082,3.5232,3.5232
180,36.61262808,106.1304819,2.62,164,234,7.91,2000,,,,,,,,51114,8.655,101.4652,0.0714,3.452,0.7004,1.2288,1.2288
181,36.61210328,106.335962,2.62,164,187,7.34,2600,,,,,,,,51114,4.9251,1.3253,0.0071,0.3413,0.7356,1.2905,1.2905
182,36.6119818,106.3702084,2.62,164,187,5.93,2600,,,,,,,,51181,26.4611,12.3618,0.0988,4.7779,1.8495,3.2448,3.2448
183,36.63834817,105.2398284,2.62,164,187,0.54,2600,,,,,,,,51181,6.3507,1.4884,0.0063,0.3071,0,0,0
184,36.63853774,105.274086,3.28,115,230,37.89,2800,,,,,,,,51182,246.1988,70.563,4.1056,36.8276,20.299,35.6123,35.6123
185,36.63871759,105.3083436,3.28,115,230,80.12,2800,,,,,,,,51114,21.1689,23.6629,0.3257,5.124,3.7993,6.6654,6.6654
186,36.63888772,105.3426015,3.28,115,230,96.41,2800,,,,,,,,51114,6.838,1.3087,0.0176,0.8532,0,0,0
187,36.63919882,105.4111176,2.62,164,187,106.02,3259,,,,,,,,51114,53.3776,24.7191,0.6138,29.691,10.6479,18.6805,18.6805
188,36.63933978,105.4453758,2.62,164,187,177.47,3259,,,,,,,,51114,186.2059,90.2997,0.3249,15.7157,15.1507,26.5802,26.5802
189,36.63947103,105.4796342,2.62,164,234,1.51,2000,,,,,,,,51114,3.1753,0.9923,0.0042,0.2048,0.3771,0.6615,0.6615
190,36.63959255,105.5138927,2.62,164,187,53.82,3200,,,,,,,,51114,62.5475,61.478,0.5319,12.8208,3.7519,6.5822,6.5822
191,36.640171,106.0962956,2.62,164,187,302.49,3259,,,,,,,,51114,529.2226,165.3821,0.7055,34.1276,282.8033,496.1462,496.1462
192,36.64011753,106.1305546,3.28,180,246,8.15,3400,,,,,,,,51182,0.409,2.9383,1.5723,0.1098,0.153,0.2685,0.2685
193,36.63947103,106.3703658,2.62,164,187,3.04,2600,,,,,,,,51182,36.9331,9.698,0.1564,7.5678,5.6407,9.8959,9.8959
194,36.63933978,106.4046242,2.62,164,187,19.43,2600,,,,,,,,51182,103.2116,18.8866,0.2461,11.9054,25.4523,44.6532,44.6532
195,36.66583692,105.239586,2.43,115,262,1.71,3400,,,,,,,,51181,1.5347,1.4388,0.0061,0.2969,0.3281,0.5755,0.5755
196,36.66620647,105.3081255,2.62,164,187,91.96,3259,,,,,,,,51114,57.8738,26.8007,0.2462,11.9105,11.5443,20.2532,20.2532
197,36.66637666,105.3423954,2.62,115,221,29.54,8000,,,,,,,,51114,4.2999,4.6307,3.1447,0.0695,0.7856,1.3782,1.3782
198,36.66653712,105.3766655,4.92,197,230,2,2800,,,,,,,,51114,1.1268,0.5358,0.0204,0.9863,0.22,0.3859,0.3859
199,36.66668786,105.4109358,2.95,131,174,126.91,3700,,,,,,,,51114,9.8358,32.5516,4.4485,0.0983,1.2726,2.2327,2.2327
200,36.66708173,105.5137472,6.56,164,189,19.32,3900,,,,,,,,51114,0.4531,1.5017,0.2042,0.0045,0.0584,0.1025,0.1025
201,36.66719357,105.5480179,2.62,164,234,1.05,2000,,,,,,,,51114,3.6252,1.1334,0.0048,0.2338,0.4305,0.7552,0.7552
202,36.66729569,105.5822887,2.62,164,187,15.12,3259,,,,,,,,51114,31.7534,9.9229,0.0423,2.0477,16.9682,29.7688,29.7688
203,36.66766039,106.0963562,2.62,164,187,524.31,3259,,,,,,,,51114,123.0443,38.4513,0.164,7.9347,65.7518,115.354,115.354
204,36.66696017,106.3705234,2.62,164,187,30.54,3259,,,,,,,,51114,3.7046,28.9419,0.1235,5.9723,49.4906,86.8256,86.8256
205,36.66682888,106.4047939,2.62,164,187,33.76,3259,,,,,,,,51114,132.3057,41.3455,0.1764,8.5319,0,0,0
206,36.6946827,105.5478845,3.28,180,246,62.36,3400,,,,,,,,51181,65.9764,30.9264,0.1319,6.3819,2.3504,4.1235,4.1235
207,36.69478485,105.5821674,3.28,180,246,0.48,3400,,,,,,,,51181,1.2371,0.4708,0.0009,0.0444,0.1433,0.2514,0.2514
208,36.69519346,106.0621335,2.62,164,234,25.54,2000,,,,,,,,51114,30.9397,7.5679,0.1476,7.1412,2.1179,3.7156,3.7156
209,36.69514968,106.0964168,2.62,164,187,21.07,3259,,,,,,,,51114,30.8912,8.5039,0.1023,4.9485,14.3325,25.1447,25.1447
210,36.69457082,106.3363983,2.62,164,187,25.59,2300,,,,,,,,51114,3.8898,0.4234,0.0053,0.256,0.7648,1.3418,1.3418
211,36.69444922,106.370681,2.43,115,262,6.7,3400,,,,,,,,51114,0.7266,4.1599,0.5498,0.0122,0.1094,0.1918,0.1918
212,36.72217173,105.547751,2.62,164,187,7.52,3400,,,,,,,,51114,13.2306,4.4014,0.0176,0.8532,0.258,0.4526,0.4526
213,36.72268266,106.0621821,2.62,164,187,5.22,3259,,,,,,,,51114,40.6002,25.535,0.0459,2.2183,17.212,30.1966,30.1966
214,36.72205981,106.336544,2.62,164,187,14.73,2600,,,,,,,,51181,52.9223,24.8073,0.1058,5.1191,4.9019,8.5999,8.5999
215,36.74954869,105.5133103,2.62,164,187,76.59,3259,,,,,,,,51181,93.087,0,0.0007,0.0341,4.2986,7.5414,7.5414
216,36.74966065,105.5476174,3.28,180,246,6.48,3400,,,,,,,,51181,1.9967,0.1852,0.008,0.3856,0.1006,0.1764,0.1764
217,36.75020584,106.027923,2.62,164,187,40.35,3259,,,,,,,,51181,74.3392,0,0.0008,0.0375,1.0479,1.8385,1.8385
218,36.75017176,106.0622306,2.62,164,187,5.04,2800,,,,,,,,51114,7.0563,3.5734,0.0176,0.8532,0.1609,0.2823,0.2823
219,36.74954869,106.3366897,2.62,164,187,302.49,3259,,,,,,,,51114,529.2226,165.3821,0.1058,5.1191,282.8033,496.1462,496.1462
220,36.77703746,105.5131644,2.62,164,187,7.3,3400,,,,,,,,51114,0.2382,1.3407,0.1979,0.0044,0,0,0
221,36.77769484,106.0279595,2.62,164,234,54.61,2800,,,,,,,,51181,23.815,1.9372,0.1591,7.6958,7.4208,13.0189,13.0189
222,36.77703746,106.3368356,2.62,164,237,7.7,3200,,,,,,,,51181,9.1732,8.5999,0.0367,1.7746,0.4902,0.86,0.86
223,36.77691573,106.3711547,3.28,180,246,2.92,3400,,,,,,,,51181,1.3561,0.2481,0.0011,0.0512,0.0566,0.0992,0.0992
224,36.80398055,105.3756939,3.28,115,230,5.24,2800,,,,,,,,51114,1.3925,0.7751,0,0,0.3026,0.5309,0.5309
225,36.80413155,105.4100248,2.62,164,187,6.23,3259,,,,,,,,51114,6.6153,1.9295,0.0088,0.4266,4.5563,7.9935,7.9935
226,36.80427281,105.4443559,2.62,164,234,16.52,2000,,,,,,,,51114,4.4664,5.5458,0.6692,0.0148,0.1914,0.3357,0.3357
227,36.80440433,105.4786872,2.62,164,234,4.67,3400,,,,,,,,51114,0.0243,0,0.0094,0.0002,0,0,0
228,36.80452611,105.5130185,2.62,115,262,47.3,2600,,,,,,,,51114,84.6756,33.0764,0.1411,6.8255,0.8726,1.5309,1.5309
229,36.80518372,106.027996,2.62,164,187,219.79,3259,,,,,,,,51114,24.4512,11.3232,0.0825,3.9929,4.8774,8.5569,8.5569
230,36.80440433,106.3713128,2.62,164,187,2.46,2800,,,,,,,,51114,5.2922,4.9615,0.0212,1.0238,0.3431,0.602,0.602
231,36.83130808,105.3411561,2.62,164,187,7.95,2400,,,,,,,,51114,28.2814,11.0475,0.0471,2.2797,20.9903,36.8251,36.8251
232,36.83146888,105.3754991,2.62,164,237,15.2,3200,,,,,,,,51114,1.9647,4.3661,1.0587,0.0234,0.9769,1.7139,1.7139
233,36.83161994,105.4098423,2.62,164,187,150.26,3259,,,,,,,,51114,78.8321,26.1304,0.1058,5.1191,42.6782,74.874,74.874
234,36.83176125,105.4441855,2.62,164,237,28.05,3200,,,,,,,,51114,5.4179,4.344,0.5529,0.0122,0.4616,0.8098,0.8098
235,36.83269684,105.9936883,3.28,115,230,6.59,2800,,,,,,,,51114,10.3728,8.6826,0.0373,1.7925,0.2193,0.3848,0.3848
236,36.83267247,106.0280325,2.62,164,187,151.24,3259,,,,,,,,51114,529.2226,165.3821,0.7055,34.1276,282.8033,496.1462,496.1462
237,36.83189282,106.3714711,2.62,164,187,80.62,3259,,,,,,,,51114,40.5881,18.7962,0.4681,22.6453,8.0963,14.2041,14.2041
238,36.85862562,105.306594,3.28,115,230,8.65,2800,,,,,,,,51115,3.4399,1.9846,0.0353,1.7064,0.2388,0.419,0.419
239,36.85879622,105.3409491,3.28,164,187,2.92,2600,,,,,,,,51115,0.0066,1.7123,0.2608,0.0058,0,0,0
240,36.86018547,105.9937127,2.62,115,221,5.6,8000,,,,,,,,51115,3.0563,1.5347,0.0106,0.5119,0.083,0.1455,0.1455
241,36.85938117,106.3716294,2.62,115,221,5.44,8000,,,,,,,,51115,0.0055,1.3616,0.2073,0.0046,0,0,0
242,36.88593314,105.2720076,5.9,98,172,56.32,2600,,,,,,,,51115,556.5614,411.4397,3.2546,156.987,15.5001,27.1932,27.1932
243,36.88611356,105.3063746,2.62,164,234,40.83,2000,,,,,,,,51115,75.3679,28.2131,0.5217,22.5033,2.5185,4.4185,4.4185
244,36.88768859,105.9593685,2.62,164,234,3.09,3000,,,,,,,,51115,2.9989,2.279,0.0346,1.674,0.2442,0.4283,0.4283
245,36.88767396,105.9937371,2.62,164,234,10.85,2000,,,,,,,,51115,0.0132,3.2591,0.4964,0.011,0,0,0
246,36.88686938,106.3717879,2.62,164,234,18.44,2000,,,,,,,,51115,0.043,10.3353,1.5739,0.0348,0,0,0
247,36.91342088,105.2717758,3.28,164,187,3.15,2600,,,,,,,,51115,2.1169,4.9615,0.0212,1.0238,0.4713,0.8269,0.8269
248,36.91518182,105.925,3.28,164,187,4.7,2600,,,,,,,,51115,0.0176,4.4146,0.6723,0.0149,0,0,0
249,36.91517694,105.9593807,3.28,164,187,0.94,2600,,,,,,,,51115,1.4995,1.1389,0.0141,0.6826,0.1219,0.2139,0.2139
250,36.91435744,106.3719465,3.28,164,187,3.17,2800,,,,,,,,51115,0.0055,1.2382,0.1885,0.0042,0,0,0
251,36.94090847,105.2715439,2.62,164,234,18.46,700,,,,,,,,51115,0.0187,4.6208,0.7037,0.0156,0,0,0
252,36.94266514,105.8906071,3.28,180,246,0.45,3400,,,,,,,,51181,9.3717,2.2073,0.0094,0.4556,0.839,1.4719,1.4719
253,36.94267002,105.925,2.62,164,234,2.23,2000,,,,,,,,51114,3.7354,1.4962,0.0063,0.3071,0.5687,0.9978,0.9978
254,36.94184536,106.3721051,3.28,164,187,5.94,3400,,,,,,,,51114,0.4024,1.333,0.1822,0.004,0.0522,0.0915,0.0915
255,36.9683959,105.2713118,3.28,164,187,116.15,3259,,,,,,,,51114,317.5336,99.2292,0.4233,20.4765,169.682,297.6877,297.6877
256,36.97015319,105.8905948,3.28,115,230,4.25,2800,,,,,,,,51114,11.7399,4.1919,0.0176,0.8532,0.1483,0.2602,0.2602
257,36.96933312,106.3722639,3.28,180,246,18.2,3400,,,,,,,,51114,2.9934,9.9075,1.354,0.0299,0.3874,0.6797,0.6797
258,36.96920132,106.4066683,3.28,115,230,186.88,2800,,,,,,,,51114,2.8446,7.6737,0.0317,1.5357,0.5273,0.925,0.925
259,36.99588317,105.2710796,5.9,98,172,1.43,2600,,,,,,,,51115,0.0055,1.2382,0.1885,0.0042,0,0,0
260,36.99762642,105.8561652,2.62,115,221,9.72,8000,,,,,,,,51115,1.1698,0.6748,0.012,0.5819,0.0811,0.1422,0.1422
261,36.99764107,105.8905826,2.62,164,234,4.34,2000,,,,,,,,51115,1.204,0.6946,0.0124,0.5989,0.0836,0.1466,0.1466
262,36.99668887,106.4068394,2.62,164,234,2.42,2000,,,,,,,,51181,12.5911,0,0.0282,1.3651,0,0,0
263,37.02337026,105.2708472,2.62,148,234,0.28,200,,,,,,,,51181,3.5282,0.8269,0.0035,0.1706,0.1257,0.2205,0.2205
264,37.0250897,105.8217112,2.62,164,234,61.81,2000,,,,,,,,51115,0.0077,1.8567,0.2827,0.0063,0,0,0
265,37.02511412,105.8561408,2.43,115,262,1.33,3400,,,,,,,,51181,7.4973,6.6153,0.0148,0.7167,0.6564,1.1516,1.1516
266,37.02417624,106.4070107,3.28,164,187,3.67,3900,,,,,,,,51181,1.4554,0.6814,0.0029,0.1399,0.2822,0.495,0.495
267,37.02403459,106.4414394,2.62,148,234,0.25,200,,,,,,,,51181,17.6408,8.2691,0.0035,0.1706,1.2569,2.2051,2.2051
268,37.05085718,105.2706146,3.28,164,187,27.52,3259,,,,,,,,51181,134.6872,0,0.0008,0.041,6.2217,10.9152,10.9152
269,37.05257722,105.8216745,2.62,115,221,116.9,8000,,,,,,,,51115,0.0088,2.1456,0.3267,0.0072,0,0,0
270,37.05152174,106.441623,2.62,115,221,2.18,8000,,,,,,,,51115,1.1312,1.0518,0.0099,0.4778,0.0603,0.1058,0.1058
271,37.07815328,105.2359294,2.62,164,237,7.7,3200,,,,,,,,51181,9.1732,8.5999,0.0367,1.7746,0.4902,0.86,0.86
272,37.07834392,105.2703819,2.43,115,262,13.74,9500,,,,,,,,51181,21.0421,3.387,0.0388,1.877,0.6756,1.1852,1.1852
273,37.08006455,105.8216377,3.28,98,203,749.39,3200,,,,,,,,51181,118.7113,31.0091,1.358,65.6955,2.7558,4.8347,4.8347
274,37.0790087,106.4418067,3.28,115,230,17.7,2000,,,,,,,,51181,56.8032,38.0379,0.1623,7.8493,9.4089,16.5068,16.5068
275,37.10563976,105.2356843,2.95,131,174,0.58,3400,,,,,,,,51181,0.6814,1.5943,0,0,0.0317,0.0557,0.0557
276,37.10583047,105.270149,3.28,164,187,11.21,3259,,,,,,,,51181,43.361,0,0.0023,0.1109,1.9796,3.473,3.473
277,37.10751747,105.7871346,3.28,164,187,141.24,3259,,,,,,,,51181,195.6007,0,0.0002,0.0085,2.011,3.5282,3.5282
278,37.1075517,105.8216009,2.62,115,221,0.38,8000,,,,,,,,51181,1.1466,1.075,0.014,0.222,0.2451,0.43,0.43
279,37.10649548,106.4419906,3.28,164,187,11.59,3259,,,,,,,,51181,34.2385,0,0,0.0017,0.4839,0.849,0.849
280,37.13331682,105.2699159,3.28,164,187,51.09,3259,,,,,,,,51181,137.5317,0,0,0,6.3631,11.1633,11.1633
281,37.13496038,105.752607,3.28,164,187,128.6,3259,,,,,,,,51181,201.819,0,0.0004,0.0205,9.3325,16.3728,16.3728
282,37.13500441,105.7870855,3.28,180,246,47.8,3400,,,,,,,,51181,95.2601,37.5087,0.1905,9.2144,2.5452,4.4653,4.4653
283,37.13398207,106.4421746,3.28,164,187,24.09,3259,,,,,,,,51181,39.921,0,0.0074,0.3583,1.6717,2.9328,2.9328
284,37.16080296,105.2696827,3.28,115,230,32.94,2800,,,,,,,,51181,33.7379,31.0091,0.1323,6.3989,7.0701,12.4037,12.4037
285,37.16244711,105.7525456,3.94,148,239,0.97,3600,,,,,,,,51181,1.7641,0.8269,0.0035,0.1706,0.1885,0.3308,0.3308
286,37.16249115,105.7870364,3.28,98,203,3960.78,3200,,,,,,,,51181,176.4075,2889.2976,11.9246,576.8547,0,0,0
287,37.16146845,106.4423588,2.62,164,234,0.23,2000,,,,,,,,51183,0,2.2062,0.3016,0.0067,0,0,0
288,37.1882889,105.2694493,2.62,164,234,1.88,200,,,,,,,,51184,3.387,1.9846,0.0085,0.4095,0.7541,1.3231,1.3231
289,37.18997767,105.7869873,2.62,164,234,7.92,2000,,,,,,,,51184,12.7013,7.4422,0.0317,1.5357,2.828,4.9615,4.9615
290,37.18895462,106.442543,2.62,164,234,7.5,200,,,,,,,,51184,3.387,1.9846,0.0085,0.4095,0.7541,1.3231,1.3231
291,37.18880287,106.4770452,3.28,164,187,0.3,3259,,,,,,,,51183,2.4697,1.6538,0.0071,0.3413,0.2545,0.4465,0.4465
292,37.21558366,105.2347019,3.28,164,187,5.76,3259,,,,,,,,51184,64.918,38.0379,0.1623,7.8493,0,0,0
293,37.21577463,105.2692157,3.28,164,187,3.46,3100,,,,,,,,51184,4.3749,2.5634,0.0109,0.529,0.9741,1.7089,1.7089
294,37.21746399,105.7869381,3.28,115,230,6.02,2800,,,,,,,,51181,1.3098,1.2404,0.0053,0.256,0.2941,0.516,0.516
295,37.21628878,106.4772419,2.43,115,262,0.78,3000,,,,,,,,51181,2.4697,2.3153,0.0099,0.4778,0.1181,0.2073,0.2073
296,37.24286827,105.1999299,3.28,115,230,0.33,2800,,,,,,,,51181,1.3583,1.6538,0.0071,0.3413,0.4091,0.7178,0.7178
297,37.2430691,105.2344558,3.28,115,230,18.84,2800,,,,,,,,51181,28.3399,3.3054,0.1544,7.4688,0,0,0
298,37.24490599,105.7523612,3.28,180,246,1.94,3700,,,,,,,,51181,2.699,7.4422,0,0,0.0905,0.1588,0.1588
299,37.24495008,105.7868889,2.62,164,187,30.28,3259,,,,,,,,51181,116.1379,0,0.0006,0.0273,5.3733,9.4268,9.4268
300,37.24498437,105.8214167,2.62,164,237,0.2,3200,,,,,,,,51181,3.6384,0.8269,0.0035,0.1706,1.2569,2.2051,2.2051
301,37.24500886,105.8559444,3.28,180,246,25.07,3400,,,,,,,,51181,13.9031,0,0.0556,2.6893,1.4253,2.5006,2.5006
302,37.24502355,105.8904722,3.28,180,246,40.05,3400,,,,,,,,51181,71.3039,33.4237,0.1426,6.8972,1.0677,1.8732,1.8732
303,37.24377446,106.4774387,2.62,164,234,17.78,2000,,,,,,,,51181,23.0763,21.2097,0.0905,4.3769,4.8359,8.4841,8.4841
304,37.2703534,105.1996714,2.62,148,234,0.3,200,,,,,,,,51181,3.0871,0.9923,0.0042,0.2048,1.5083,2.6461,2.6461
305,37.27247024,105.8213797,3.28,180,246,21.6,3400,,,,,,,,51181,4.7189,0,0.0189,0.9129,0.0723,0.1268,0.1268
306,37.27250944,105.8904599,3.28,180,246,115.07,3400,,,,,,,,51181,72.477,59.5375,0.254,12.2859,4.5249,7.9383,7.9383
307,37.27251434,105.925,3.28,115,230,0.31,3000,,,,,,,,51181,1.5877,1.4884,0.0063,0.3071,0.0478,0.0838,0.0838
308,37.27125991,106.4776357,2.62,164,187,1.32,3100,,,,,,,,51184,3.8104,2.2327,0.0095,0.4607,0.8484,1.4884,1.4884
309,37.29783831,105.1994127,2.62,164,234,3.91,700,,,,,,,,51184,14.1126,8.2691,0.0353,1.7064,3.1423,5.5127,5.5127
310,37.3,105.925,2.62,164,187,3.91,3259,,,,,,,,51184,28.2252,16.5382,0.0705,3.4128,0,0,0
311,37.29874513,106.4778328,3.28,180,246,1.13,3400,,,,,,,,51184,2.8225,1.6538,0.0071,0.3413,0.0628,0.1103,0.1103
312,37.32532297,105.1991538,2.62,164,187,16.04,2400,,,,,,,,51184,68.7989,64.499,0.2751,13.3097,24.5096,42.9993,42.9993
313,37.32552401,105.2337167,3.28,180,246,0.74,3400,,,,,,,,51184,2.3991,1.4057,0.006,0.2901,0.5342,0.9372,0.9372
314,37.32748542,105.925,2.62,164,234,3.78,2000,,,,,,,,51183,0,3.7398,5.1114,0.113,0,0,0
315,37.32748051,105.9595648,2.62,164,187,2.54,3259,,,,,,,,51184,18.3464,10.7498,0.0459,2.2183,0,0,0
316,37.32623011,106.47803,3.28,180,246,1,3400,,,,,,,,51184,2.8225,1.6538,0.0071,0.3413,0.6285,1.1025,1.1025
317,37.35280739,105.1988947,2.62,164,234,0.97,200,,,,,,,,51183,1.8523,1.2404,0.0053,0.256,0.2545,0.4465,0.4465
318,37.3530085,105.2334699,2.62,164,187,0.7,3259,,,,,,,,51183,1.2349,0.8269,0.0035,0.1706,0.1273,0.2233,0.2233
319,37.35496568,105.9595771,2.62,164,187,2.14,3259,,,,,,,,51183,2.7167,1.8192,0.0078,0.3754,0.3733,0.6549,0.6549
320,37.35495096,105.9941542,2.62,164,187,2.82,3259,,,,,,,,51183,17.2879,11.5767,0.0494,2.3889,2.3755,4.1676,4.1676
321,37.35371484,106.4782274,3.28,115,230,1.08,2800,,,,,,,,51184,3.2459,1.9019,0.0081,0.3925,0.7227,1.2679,1.2679
322,37.35355297,106.5128033,2.62,164,187,47.19,3259,,,,,,,,51182,14.7422,15.8767,0.024,1.1603,75.4142,132.3057,132.3057
323,37.38049273,105.233223,3.28,115,230,2.68,2800,,,,,,,,51182,1.5149,1.6494,0.0203,0.9829,1.4913,2.6163,2.6163
324,37.38243587,105.9941789,3.28,115,230,1.16,8000,,,,,,,,51182,2.8501,3.3407,0.0106,0.5119,2.1996,3.8589,3.8589
325,37.38241134,106.0287683,3.28,115,230,24.84,2000,,,,,,,,51124,95.7893,22.4512,0.0958,4.6328,31.9923,56.1268,56.1268
326,37.3810374,106.5130132,3.28,115,230,1.25,3200,,,,,,,,51182,0.9702,1.8192,0.0423,2.0477,1.5397,2.7012,2.7012
327,37.38086565,106.5476013,3.28,115,230,0.92,2800,,,,,,,,51182,0.0805,0.1058,0.0032,0.1536,0.3802,0.667,0.667
328,37.40797671,105.2329759,2.62,115,221,13.73,8000,,,,,,,,51182,7.1147,1.5645,0.0409,1.9794,0.246,0.4316,0.4316
329,37.40989598,106.0288053,2.43,115,262,87.36,2800,,,,,,,,51182,793.7435,0,0,0,6.2188,10.9103,10.9103
330,37.40986162,106.0634071,2.43,115,262,12.63,3600,,,,,,,,51182,0.6979,0.9923,0.0212,1.0238,2.121,3.7211,3.7211
331,37.40981744,106.0980088,2.62,115,221,5.67,8000,,,,,,,,51182,1.0584,1.9846,0.0427,2.0647,1.7094,2.9989,2.9989
332,37.40868354,106.4786226,2.62,164,187,5.44,3259,,,,,,,,51182,2.5204,0,0,0,0,0,0
333,37.40852156,106.5132232,2.62,164,187,18.55,3400,,,,,,,,51182,9.8127,7.6076,0.1623,7.8493,6.5987,11.5767,11.5767
334,37.40834976,106.5478237,2.62,115,221,3.68,8000,,,,,,,,51182,5.623,1.5325,0.036,1.7405,1.5083,2.6461,2.6461
335,37.40816814,106.582424,2.62,164,187,1.56,2400,,,,,,,,51182,2.4036,1.301,0.0141,0.6826,0.7391,1.2966,1.2966
336,37.42657824,104.2982876,5.9,98,172,1.07,2200,,,,,,,,51182,12.9461,2.1301,0.0395,1.9111,1.5633,2.7426,2.7426
337,37.42703484,104.3328922,2.62,164,187,12.44,3600,,,,,,,,51182,0,0,19070.71,421.5631,2.7463,4.8181,4.8181
338,37.42748163,104.3674972,2.62,115,221,2.21,8000,,,,,,,,51182,1.5524,1.8192,0.0078,0.3754,0.2074,0.3638,0.3638
339,37.42956831,104.540528,2.62,164,234,1.89,200,,,,,,,,51182,1.1025,0.5843,0.0141,0.6826,0.2797,0.4906,0.4906
340,37.42995619,104.5751353,2.62,115,221,1.07,8000,,,,,,,,51182,0.2635,0.1125,0.0016,0.0785,0.3299,0.5788,0.5788
341,37.43033426,104.6097429,2.62,164,187,3.38,2400,,,,,,,,51182,2.9636,1.9846,0.0085,0.4095,0.4072,0.7145,0.7145
342,37.43070251,104.6443508,3.28,115,230,1.4,3700,,,,,,,,51184,2.1169,1.2404,0.0053,0.256,0.4713,0.8269,0.8269
343,37.43106094,104.6789591,2.62,164,234,3.4,2000,,,,,,,,51182,0.86,1.6274,0.0289,1.3992,0.0396,0.0695,0.0695
344,37.43140955,104.7135677,2.62,164,187,4.21,3100,,,,,,,,51182,11.2107,1.6207,0.0328,1.5886,0.7039,1.2349,1.2349
345,37.43239646,104.8173953,5.9,98,172,1.09,2200,,,,,,,,51182,4.6858,0,0.0917,4.4366,3.1108,5.4576,5.4576
346,37.4327058,104.852005,2.62,164,187,10.13,3259,,,,,,,,51182,6.6153,4.9615,0.0009,0.0427,9.7913,17.1777,17.1777
347,37.43300532,104.8866151,3.28,115,230,38.81,3700,,,,,,,,51182,9.5922,8.3794,0.1235,5.9723,0.6504,1.1411,1.1411
348,37.43329501,104.9212254,2.43,115,262,7.73,3400,,,,,,,,51182,0.0397,1.4465,0.0921,4.4571,0.1948,0.3418,0.3418
349,37.43357489,104.955836,3.28,115,230,1.68,2400,,,,,,,,51182,0.2646,0.4961,0.0063,0.3071,1.3197,2.3153,2.3153
350,37.43546041,105.2327287,2.62,115,221,22.28,8000,,,,,,,,51182,1.9405,3.6384,0.0705,3.4128,10.3695,18.192,18.192
351,37.43730178,106.0980706,2.62,164,187,15.12,3259,,,,,,,,51182,3.5282,6.6153,0.0705,3.4128,11.4221,20.0388,20.0388
352,37.43724777,106.1326846,2.62,115,221,3.38,8000,,,,,,,,51183,14.8182,9.9229,0.0423,2.0477,2.0362,3.5723,3.5723
353,37.43718394,106.1672986,9.84,197,230,1.2,2800,,,,,,,,51183,4.4455,2.9769,0.0127,0.6143,0.6109,1.0717,1.0717
354,37.43711028,106.2019125,9.84,197,230,0.01,2800,,,,,,,,51183,25.5923,0,0,0,0,0,0
355,37.4370268,106.2365263,2.62,98,234,0.78,3200,,,,,,,,51183,12.719,8.5172,0.0363,1.7576,1.7477,3.0662,3.0662
356,37.43693351,106.2711401,1.64,115,234,32.25,2200,,,,,,,,51182,32.2032,0.935,0.024,1.1603,1.3355,2.3429,2.3429
357,37.43646211,106.4095941,2.62,115,221,81.32,8000,,,,,,,,51182,11.0255,0,0.3372,16.313,0.6285,1.1025,1.1025
358,37.43631971,106.4442074,3.94,115,221,1.65,8000,,,,,,,,51182,4.4433,2.9217,0.024,1.1603,0.5656,0.9923,0.9923
359,37.43616749,106.4788205,2.62,148,234,2.02,200,,,,,,,,51182,6.6958,7.8468,0.0335,1.6194,2.5157,4.4135,4.4135
360,37.43600545,106.5134334,2.62,148,234,0.83,200,,,,,,,,51182,2.7553,3.2073,0.0138,0.6655,1.0429,1.8297,1.8297
361,37.43583359,106.5480462,9.84,197,230,0.02,2800,,,,,,,,51183,4.5249,0,0,0,0,0,0
362,37.43565191,106.5826589,3.28,98,203,2598.37,3200,,,,,,,,51182,169.7923,1777.8705,15.5425,750.8641,18.391,32.2649,32.2649
363,37.43546041,106.6172713,2.62,115,262,2.14,2000,,,,,,,,51182,0.3583,0.5513,0.0121,0.5804,1.5963,2.8005,2.8005
364,37.43525909,106.6518836,2.62,148,234,2.02,200,,,,,,,,51182,6.6958,7.8468,0.0335,1.6194,2.5345,4.4466,4.4466
365,37.43504795,106.6864958,1.64,115,234,2.74,2300,,,,,,,,51183,7.4091,4.9615,0.0212,1.0238,1.0181,1.7861,1.7861
366,37.45496229,104.3669406,4.92,148,201,0.26,2000,,,,,,,,51183,1.2723,0.8523,0.0036,0.1758,0.1747,0.3065,0.3065
367,37.45539941,104.4015583,2.62,164,187,2.34,3259,,,,,,,,51183,4.9394,3.3076,0.0141,0.6826,0.6787,1.1908,1.1908
368,37.45582672,104.4361765,6.56,164,189,0.13,2600,,,,,,,,51183,4.322,2.8942,0.0123,0.5972,0.5939,1.0419,1.0419
369,37.4562442,104.470795,2.62,164,187,4.1,3259,,,,,,,,51183,17.2879,11.5767,0.0494,2.3889,2.3755,4.1676,4.1676
370,37.45665186,104.5054139,6.56,164,189,0.56,2600,,,,,,,,51183,18.5228,12.4037,0.0529,2.5596,2.5452,4.4653,4.4653
371,37.4570497,104.5400332,3.28,98,234,1.29,200,,,,,,,,51183,6.6969,7.8468,0.0335,1.6194,2.5345,4.4466,4.4466
372,37.45889157,104.7131347,9.84,197,189,7.77,2600,,,,,,,,51183,208.2899,128.0465,0.5462,26.4233,26.2753,46.0969,46.0969
373,37.45923048,104.747756,2.62,148,234,1.62,200,,,,,,,,51183,3.408,2.419,0.0097,0.471,0.4682,0.8214,0.8214
374,37.45955957,104.7823775,2.62,148,234,1.85,200,,,,,,,,51183,2.7167,1.8192,0.0078,0.3754,0.3733,0.6549,0.6549
375,37.45987883,104.8169994,6.56,164,203,0.38,3000,,,,,,,,51183,11.3606,7.6076,0.0325,1.5699,1.5611,2.7387,2.7387
376,37.46105767,104.9554896,3.94,115,221,0.39,8000,,,,,,,,51183,0,3.5171,0.4807,0.0106,0,0,0
377,37.46132782,104.9901127,4.92,148,201,1.27,2000,,,,,,,,51183,8.644,5.7884,0.0247,1.1945,1.1878,2.0838,2.0838
378,37.46158815,105.0247362,4.92,148,201,0.26,2000,,,,,,,,51183,1.7288,1.1577,0.0049,0.2389,0.2376,0.4168,0.4168
379,37.46274246,105.1978565,4.92,197,187,0.25,3259,,,,,,,,51183,1.8523,1.2404,0.0053,0.256,0.2545,0.4465,0.4465
380,37.46294385,105.2324812,9.84,197,189,7.67,2600,,,,,,,,51183,156.9465,96.4839,0.4116,19.91,19.7984,34.7341,34.7341
381,37.46466797,105.6826148,2.62,164,187,40.87,3259,,,,,,,,51122,12.225,5.6649,0.0635,3.0715,2.4393,4.2795,4.2795
382,37.46473183,105.7172411,4.92,197,187,12.67,3259,,,,,,,,51122,18.8084,8.7156,0.1134,5.4618,3.7528,6.5839,6.5839
383,37.46441745,106.2712638,4.92,197,187,25.34,3259,,,,,,,,51122,37.6167,17.4313,0.2116,10.2383,7.5059,13.1683,13.1683
384,37.4643143,106.3058899,1.64,115,234,2.91,2300,,,,,,,,51122,3.7321,0.2977,0.0032,0.1536,1.1853,2.0794,2.0794
385,37.46420132,106.3405158,4.59,131,189,11.49,2400,,,,,,,,51184,105.8445,99.2292,0.4233,20.4765,37.7071,66.1528,66.1528
386,37.46407852,106.3751416,4.59,131,189,1.72,2400,,,,,,,,51183,5.5568,3.7211,0.0159,0.7679,0.7636,1.3396,1.3396
387,37.4639459,106.4097674,9.84,197,189,0.03,2600,,,,,,,,51183,2.2227,1.4884,0.0063,0.3071,0.3054,0.5358,0.5358
388,37.46253124,106.6867679,9.84,197,189,0.04,2600,,,,,,,,51183,1.4818,0.9923,0.0042,0.2048,0.2036,0.3572,0.3572
389,37.4623102,106.7213922,4.92,148,201,0.46,2000,,,,,,,,51183,1.3583,0.9096,0.0039,0.1877,0.1867,0.3275,0.3275
390,37.48907084,105.0244143,9.84,197,189,0.06,2600,,,,,,,,51183,4.4322,2.9681,0.0127,0.6126,0.609,1.0684,1.0684
391,37.48932143,105.0590503,4.92,148,201,72,2000,,,,,,,,51183,50.629,27.3454,0.154,6.9964,2.5547,4.4819,4.4819
392,37.4895622,105.0936865,3.28,98,234,0.06,200,,,,,,,,51183,0.247,1.5237,0.2081,0.0387,0.0339,0.0595,0.0595
393,37.48979314,105.128323,2.62,164,187,0.42,3259,,,,,,,,51183,1.8523,1.2404,0.0053,0.256,0.191,0.3352,0.3352
394,37.49001425,105.1629597,4.59,131,189,0.45,2400,,,,,,,,51183,1.3958,0.935,0.004,0.1928,0.1917,0.3363,0.3363
395,37.49022554,105.1975965,2.62,164,187,3.17,3259,,,,,,,,51183,5.5568,3.7211,0.0159,0.7679,0.7636,1.3396,1.3396
396,37.490427,105.2322336,2.62,164,187,0.79,3259,,,,,,,,51183,4.322,2.8942,0.0123,0.5972,0.5939,1.0419,1.0419
397,37.4922156,105.7171669,4.92,148,201,0.6,2000,,,,,,,,51183,3.7046,2.4807,0.0106,0.5119,0.509,0.8931,0.8931
398,37.49226965,105.7518056,9.84,197,189,0.57,2600,,,,,,,,51183,37.0456,24.8073,0.1058,5.1191,5.0905,8.9306,8.9306
399,37.49231388,105.7864445,4.92,148,201,0.53,2000,,,,,,,,51183,3.9515,2.6461,0.0113,0.546,0.543,0.9526,0.9526
400,37.48979314,106.721677,6.56,164,203,0.14,2800,,,,,,,,51183,1.4818,0.9923,0.0042,0.2048,0.2036,0.3572,0.3572
401,37.51790987,105.2319858,3.94,131,189,0.94,3900,,,,,,,,51183,2.2227,1.4884,0.0063,0.3071,0.3054,0.5358,0.5358
402,37.51810157,105.2666354,1.31,98,221,9.77,2800,,,,,,,,51183,3.2106,2.1169,0.0092,0.4437,0.4412,0.774,0.774
403,37.51828344,105.3012852,2.62,164,187,0.5,3259,,,,,,,,51183,1.8523,1.2404,0.0053,0.256,0.2545,0.4465,0.4465
404,37.51845548,105.3359351,6.56,131,221,2.24,8000,,,,,,,,51122,51.7315,4.8622,0.0529,2.5596,7.7488,13.5944,13.5944
405,37.51861769,105.3705852,9.84,197,189,1.47,2600,,,,,,,,51184,93.496,44.2353,0.3739,18.0876,33.3079,58.435,58.435
406,37.51877007,105.4052355,6.56,164,203,0.2,2800,,,,,,,,51184,1.1466,1.075,0.0046,0.2218,0.4085,0.7167,0.7167
407,37.51891262,105.4398858,3.28,148,248,1.96,3400,,,,,,,,51184,7.0563,4.1346,0.0176,0.8532,1.5711,2.7564,2.7564
408,37.51904533,105.4745363,4.92,148,201,5.21,2000,,,,,,,,51184,37.2573,21.8304,0.0931,4.5048,8.2956,14.5536,14.5536
409,37.51916822,105.5091869,4.92,148,201,0.08,2000,,,,,,,,51122,2.4344,0.194,0.0021,0.1024,0.3092,0.5425,0.5425
410,37.51928127,105.5438376,2.62,164,187,1.21,3259,,,,,,,,51184,4.7277,2.7696,0.0118,0.5716,0,0,0
411,37.5193845,105.5784885,3.94,131,189,0.42,2400,,,,,,,,51184,5.0805,2.9769,0.0127,0.6143,1.1312,1.9846,1.9846
412,37.51947789,105.6131394,2.62,164,187,2.54,3259,,,,,,,,51184,4.8964,2.8688,0.0122,0.5921,0,0,0
413,37.5197974,105.7863949,6.56,164,203,1.5,3000,,,,,,,,51184,20.3221,11.9075,0.0508,2.4572,4.5249,7.9383,7.9383
414,37.51983181,105.8210461,4.92,148,201,0.1,2000,,,,,,,,51122,2.1908,0.1753,0.0019,0.0921,0.6957,1.2205,1.2205
415,37.51985639,105.8556974,2.62,164,187,44.46,3259,,,,,,,,51122,19.5614,9.064,0.11,5.2914,3.9033,6.8479,6.8479
416,37.51727579,106.721962,2.62,164,187,3.13,3259,,,,,,,,51184,22.5802,13.2306,0.0564,2.7302,0,0,0
417,37.51704477,106.7566108,3.94,131,189,16.63,3400,,,,,,,,51184,90.0671,52.7734,0.2251,10.8901,20.0539,35.1823,35.1823
418,37.54696101,105.6130278,2.95,131,174,4.44,3400,,,,,,,,51184,1.6935,0.9923,0.0042,0.2048,0.3771,0.6615,0.6615
419,37.54704461,105.6476911,9.84,197,189,0.38,2600,,,,,,,,51184,35.846,7.3749,0.0896,4.3342,7.9813,14.0023,14.0023
420,37.54733964,105.8556726,2.62,164,237,2.05,3200,,,,,,,,51184,7.9031,4.6307,0.0198,0.9556,1.7597,3.0871,3.0871
421,37.54735439,105.8903363,3.28,180,246,9.01,3400,,,,,,,,51184,14.1126,8.2691,0.0353,1.7064,3.1423,5.5127,5.5127
422,37.54452704,106.7569084,2.62,148,234,5.15,200,,,,,,,,51184,3.881,3.6384,0.0155,0.7508,1.3826,2.4256,2.4256
423,37.54428611,106.7915694,2.62,164,187,3.13,3259,,,,,,,,51184,22.5802,13.2306,0.0564,2.7302,0,0,0
424,37.57483735,105.8903239,2.62,164,187,7.82,3259,,,,,,,,51184,56.4504,33.0764,0.1411,6.8255,0,0,0
425,37.571768,106.7918796,2.62,164,187,1.96,3259,,,,,,,,51184,14.1126,8.2691,0.0353,1.7064,0,0,0
426,37.57151715,106.8265528,4.92,148,201,4,2000,,,,,,,,51184,16.9351,9.9229,0.0423,2.0477,3.7707,6.6153,6.6153
427,37.60232,105.8903115,2.62,164,187,167.28,3259,,,,,,,,51122,6.7707,3.1367,0.0353,1.7064,1.3509,2.3699,2.3699
428,37.60232493,105.925,2.62,164,187,45.96,3259,,,,,,,,51122,48.5253,22.4864,0.2751,13.3097,9.6829,16.9875,16.9875
429,37.60230524,105.994377,1.31,98,221,5.3,2800,,,,,,,,51122,6.0861,0.4862,0.0053,0.256,1.9372,3.3986,3.3986
430,37.60228064,106.0290655,9.84,197,189,0.44,2600,,,,,,,,51184,21.1689,4.9615,0.0529,2.5596,4.7134,8.2691,8.2691
431,37.6022462,106.063754,3.28,180,246,0.79,3400,,,,,,,,51184,1.6935,0.9923,0.0042,0.2048,0.3771,0.6615,0.6615
432,37.59899865,106.8268756,2.62,164,187,10.56,3259,,,,,,,,51184,25.4027,14.8844,0.0635,3.0715,0,0,0
433,37.59873787,106.861561,4.92,148,201,0.67,2000,,,,,,,,51184,1.129,0.6615,0.0028,0.1365,0.2514,0.441,0.441
434,37.62980727,105.925,3.28,180,246,3,3400,,,,,,,,51184,1.4113,1.3231,0.0056,0.273,0.5028,0.882,0.882
435,37.62980235,105.959701,2.62,164,187,2.93,3259,,,,,,,,51184,14.1126,8.2691,0.0353,1.7064,0,0,0
436,37.62978758,105.9944019,3.28,180,246,4,3400,,,,,,,,51184,1.129,0.6615,0.0028,0.1365,0.2514,0.441,0.441
437,37.62972851,106.0638037,4.92,148,201,0.2,2000,,,,,,,,51184,1.6935,0.9923,0.0042,0.2048,0.3771,0.6615,0.6615
438,37.62968421,106.0985046,3.28,180,246,2.95,3400,,,,,,,,51184,11.0784,6.4907,0.0277,1.3395,2.4667,4.3275,4.3275
439,37.62621897,106.8618965,4.59,131,189,3.06,2500,,,,,,,,51184,31.8945,18.6882,0.0797,3.8564,7.1015,12.4588,12.4588
440,37.6571662,106.0985668,2.62,164,187,96.2,3259,,,,,,,,51122,33.8548,15.6881,0.1905,9.2144,6.7555,11.8518,11.8518
441,37.65369975,106.8622322,9.84,197,189,0.33,2400,,,,,,,,51122,48.6885,3.8898,0.0423,2.0477,1.9834,3.4796,3.4796
442,37.68464786,106.098629,2.62,164,187,93.53,3259,,,,,,,,51122,39.4976,18.3023,0.2222,10.7502,7.8814,13.827,13.827
443,37.68118021,106.8625682,4.92,197,187,15.2,3259,,,,,,,,51122,18.8084,8.7156,0.1093,5.2898,3.7528,6.5839,6.5839
444,37.71212919,106.0986912,4.92,148,201,0.25,2000,,,,,,,,51122,4.0574,0.3241,0.0035,0.1706,1.2915,2.2657,2.2657
445,37.70866034,106.8629044,4.59,131,189,0.52,3900,,,,,,,,51122,7.3033,0.5832,0.0063,0.3071,2.3246,4.0783,4.0783
446,37.70838934,106.8976393,2.62,164,187,44.9,3259,,,,,,,,51122,23.6981,10.9814,0.1428,6.9074,4.7288,8.2961,8.2961
447,37.73961018,106.0987535,3.28,180,246,8.34,3400,,,,,,,,51184,84.6756,49.6146,0.2116,10.2383,18.8536,33.0764,33.0764
448,37.73586904,106.8979882,3.28,148,248,0.56,3600,,,,,,,,51184,1.4113,0.8269,0.0035,0.1706,0.3142,0.5513,0.5513
449,37.73558809,106.9327353,9.84,197,189,0.26,2600,,,,,,,,51184,23.9914,5.655,0.06,2.9008,5.3418,9.3717,9.3717
450,37.73529729,106.9674821,2.62,164,187,1.17,3259,,,,,,,,51184,5.645,3.3076,0.0141,0.6826,0,0,0
451,37.73499663,107.0022287,2.62,115,217,1.08,2800,,,,,,,,51184,2.8225,1.6538,0.0071,0.3413,0.6285,1.1025,1.1025
452,37.76709083,106.0988159,2.62,164,187,86.76,3259,,,,,,,,51122,47.0214,21.7896,0.2293,11.0915,9.3825,16.4605,16.4605
453,37.76703659,106.133579,5.91,98,172,1.16,2200,,,,,,,,51122,20.3927,5.5105,0.06,2.9008,2.8101,4.93,4.93
454,37.76247568,107.0026153,2.62,164,187,64.13,3259,,,,,,,,51122,22.5691,10.4588,0.1058,5.1191,4.5035,7.9009,7.9009
455,37.76216505,107.0373741,4.92,148,201,0.12,2000,,,,,,,,51122,1.6229,0.1301,0.0014,0.0683,0.5166,0.9063,0.9063
456,37.79451687,106.1336539,1.64,115,234,5.63,2300,,,,,,,,51122,10.1434,0.8104,0.0088,0.4266,1.2915,2.2657,2.2657
457,37.78964365,107.0377733,4.59,131,189,463.05,2400,,,,,,,,51122,2.3749,56.8716,0.007,0.3379,11.9406,20.9484,20.9484
458,37.78932305,107.0725443,1.31,98,221,221.97,2800,,,,,,,,51122,6.8975,0.6726,0.0387,0.3539,0.4437,0.7784,0.7784
459,37.78899259,107.107315,2.62,164,187,106.89,3259,,,,,,,,51122,22.5691,10.4588,0.127,6.143,4.5035,7.9009,7.9009
460,37.78865227,107.1420853,3.28,148,234,4.31,2000,,,,,,,,51184,12.8425,7.5249,0.0321,1.5528,2.8595,5.0166,5.0166
461,37.78830208,107.1768554,2.62,164,187,15.01,3259,,,,,,,,51184,36.1283,21.1689,0.0903,4.3683,0,0,0
462,37.78794204,107.2116251,2.62,115,262,27.06,3400,,,,,,,,51184,72.7681,122.3827,0.5221,25.2544,46.5054,81.5885,81.5885
463,37.78757213,107.2463945,4.59,131,189,2.4,2400,,,,,,,,51184,38.2871,22.4346,0.0995,4.6394,8.5249,14.9561,14.9561
464,37.78719235,107.2811636,2.62,164,187,4.83,3259,,,,,,,,51184,10.8524,6.3595,0.0271,1.3122,0,0,0
465,37.78680272,107.3159323,2.62,164,187,1.96,3259,,,,,,,,51184,14.1126,8.2691,0.0353,1.7064,0,0,0
466,37.78640322,107.3507006,2.62,115,217,3.27,700,,,,,,,,51122,17.2438,1.6207,0.0176,0.8532,0.8264,1.4498,1.4498
467,37.78599386,107.3854686,2.62,164,187,190.87,3259,,,,,,,,51122,37.6167,17.4313,0.2116,10.2383,7.5059,13.1683,13.1683
468,37.82199679,106.1337288,2.62,164,187,95.44,3259,,,,,,,,51122,37.6167,17.4313,0.2116,10.2383,7.5059,13.1683,13.1683
469,37.81347084,107.385993,2.62,164,187,67.87,3259,,,,,,,,51122,22.5702,10.4588,0.1093,5.2898,4.5035,7.9009,7.9009
470,37.84947635,106.1338038,4.92,148,201,0.06,2000,,,,,,,,51122,2.1301,0.0331,0.0021,0.1024,0.006,0.0105,0.0105
471,37.84094745,107.3865178,6.56,164,203,0.34,2800,,,,,,,,51122,2.9945,2.3109,0.0252,1.2166,0.7639,1.3401,1.3401
472,37.84052794,107.4213104,4.92,197,187,13.15,3259,,,,,,,,51122,15.0465,6.9725,0.0776,3.754,3.0024,5.2674,5.2674
473,37.87712836,105.8901868,4.92,148,201,0.15,2000,,,,,,,,51122,3.1952,0.0496,0.0032,0.1536,0.0091,0.016,0.016
474,37.8771333,105.925,2.62,164,187,100.6,3259,,,,,,,,51122,30.0929,13.945,0.1905,9.2144,6.0049,10.5348,10.5348
475,37.87695555,106.1338788,2.62,148,234,2.83,2000,,,,,,,,51124,3.5282,0.8269,0.0035,0.1706,1.1783,2.0673,2.0673
476,37.86842369,107.3870429,6.56,164,189,1.44,2600,,,,,,,,51122,51.7315,4.8622,0.0529,2.5596,2.4796,4.3501,4.3501
477,37.86800403,107.421848,2.62,164,187,22.27,3259,,,,,,,,51122,9.4047,4.3584,0.0705,3.4128,1.8766,3.2922,3.2922
478,37.90460724,105.8901743,2.62,148,234,3.73,2000,,,,,,,,51122,15.418,1.2315,0.0134,0.6484,4.9076,8.6098,8.6098
479,37.90443436,106.1339539,2.62,164,187,64.14,3259,,,,,,,,51122,28.212,13.0729,0.1587,7.6787,5.6294,9.8761,9.8761
480,37.89589956,107.3875685,2.62,164,187,20.96,3259,,,,,,,,51122,15.0476,6.9725,0.0847,4.0953,3.0024,5.2674,5.2674
481,37.93208573,105.8901618,2.62,148,234,45.8,2000,,,,,,,,51124,71.2686,16.7036,0.0713,3.4469,23.8026,41.759,41.759
482,37.9319128,106.1340291,2.62,164,187,66.81,3259,,,,,,,,51122,25.3917,11.7664,0.1429,6.9108,5.0666,8.8887,8.8887
483,37.92337504,107.3880944,1.64,115,234,9.88,2300,,,,,,,,51122,21.3817,2.0099,0.0219,1.058,1.0247,1.7977,1.7977
484,37.95956384,105.8901492,2.62,164,187,89.07,3259,,,,,,,,51122,37.6167,17.4313,0.2152,10.4089,7.5062,13.1688,13.1688
485,37.95939084,106.1341043,3.28,180,246,24.45,3400,,,,,,,,51122,57.6412,4.3694,0.0506,2.3083,5.6526,9.9169,9.9169
486,37.95932658,106.1689548,2.62,164,187,2.74,3259,,,,,,,,51184,19.7576,11.5767,0.0494,2.3889,0,0,0
487,37.95085014,107.3886207,9.84,197,189,0.76,2600,,,,,,,,51184,56.4504,42.9993,0.2258,10.9208,20.1105,35.2815,35.2815
488,37.98704155,105.8901367,4.59,131,189,0.5,3900,,,,,,,,51184,3.7928,3.5557,0.0152,0.7337,1.3512,2.3705,2.3705
489,37.98680421,106.1690426,3.28,98,194,0.53,3400,,,,,,,,51184,3.1048,1.8192,0.0078,0.3754,0.6913,1.2128,1.2128
490,37.97832484,107.3891474,2.62,164,187,1.01,3259,,,,,,,,51184,6.3507,3.7211,0.0159,0.7679,0,0,0
491,38.01451886,105.8901241,3.28,180,246,2.57,3400,,,,,,,,51184,2.8225,1.6538,0.0071,0.3413,0.6285,1.1025,1.1025
492,38.01428144,106.1691305,4.92,148,201,0.4,2000,,,,,,,,51184,1.6935,0.9923,0.0042,0.2048,0.3771,0.6615,0.6615
493,38.01420725,106.2040061,2.62,115,262,0.2,3000,,,,,,,,51184,1.4113,0.8269,0.0035,0.1706,0.3142,0.5513,0.5513
494,38.00579914,107.3896744,4.59,131,189,13.56,2400,,,,,,,,51184,104.0805,97.5754,0.4162,20.1353,37.0787,65.0503,65.0503
495,38.04199576,105.8901116,9.84,197,189,0.74,2600,,,,,,,,51184,68.8695,10.386,0.1721,8.3271,15.3342,26.9022,26.9022
496,38.04168404,106.2041066,6.56,164,203,1.12,2800,,,,,,,,51184,5.645,3.3076,0.0141,0.6826,1.2569,2.2051,2.2051
497,38.03327303,107.3902018,4.59,148,234,0.98,200,,,,,,,,51184,3.2459,1.9019,0.0081,0.3925,0.7227,1.2679,1.2679
498,38.06947224,105.890099,4.92,148,201,0.47,2000,,,,,,,,51184,2.3991,1.4057,0.006,0.2901,0.5342,0.9372,0.9372
499,38.06916042,106.2042071,2.62,164,187,1.23,3259,,,,,,,,51184,1.9339,1.1334,0.0048,0.2338,0,0,0
500,38.06907627,106.2391078,2.62,164,187,1.17,3259,,,,,,,,51184,2.8225,1.6538,0.0071,0.3413,0,0,0
501,38.09694831,105.8900864,2.62,164,187,2.82,3259,,,,,,,,51184,11.2901,6.6153,0.0282,1.3651,0,0,0
502,38.09695326,105.925,3.28,98,194,0.31,3400,,,,,,,,51184,1.1566,0.6781,0.0029,0.1399,0.2577,0.452,0.452
503,38.09671065,106.1693945,6.56,164,189,0.98,2600,,,,,,,,51124,6.3507,1.4884,0.0063,0.3071,2.121,3.7211,3.7211
504,38.09663638,106.2043078,3.28,148,248,3.88,3600,,,,,,,,51184,84.6756,19.8458,0.0909,4.0954,2.1116,3.7046,3.7046
505,38.1244289,105.925,9.84,197,189,1.24,2600,,,,,,,,51184,134.0697,33.0323,0.3351,16.2106,29.8515,52.371,52.371
506,38.12264087,106.5885866,4.92,148,201,3.34,2000,,,,,,,,51184,22.5802,13.2306,0.0564,2.7302,5.0276,8.8204,8.8204
507,38.1224477,106.623511,8.2,180,189,0.24,2600,,,,,,,,51124,6.3507,1.4884,0.0063,0.3071,2.121,3.7211,3.7211
508,38.15190411,105.925,3.28,148,248,56.95,2800,,,,,,,,51184,71.1143,13.4621,1.164,56.3105,28.2803,49.6146,49.6146
509,38.15011546,106.5888259,4.59,131,189,1.16,2500,,,,,,,,51184,6.774,3.9692,0.0169,0.8191,1.5083,2.6461,2.6461
510,38.14512132,107.2176571,2.62,164,187,0.68,3259,,,,,,,,51184,4.8975,2.8699,0.0122,0.5921,0,0,0
511,38.14474975,107.2525895,3.28,148,248,1.02,3600,,,,,,,,51184,2.5403,1.4884,0.0063,0.3071,0.5656,0.9923,0.9923
512,38.17937887,105.925,3.28,148,248,0.27,3600,,,,,,,,51184,1.4113,0.8269,0.0035,0.1706,0.3142,0.5513,0.5513
513,38.17937391,105.9599514,6.56,164,189,3.38,2600,,,,,,,,51184,97.0241,36.5494,0.388,18.7702,34.5649,60.6401,60.6401
514,38.17777299,106.5541156,6.56,164,189,0.9,2600,,,,,,,,51184,36.1283,6.5921,0.0903,4.3683,8.0442,14.1126,14.1126
515,38.1775896,106.5890654,3.28,180,246,1.69,3900,,,,,,,,51184,4.2338,2.4807,0.0106,0.5119,0.707,1.2404,1.2404
516,38.20684823,105.959964,2.62,164,187,0.77,3259,,,,,,,,51184,5.5315,3.2415,0.0138,0.6689,0,0,0
517,38.20524676,106.5543427,3.28,98,194,2.82,3400,,,,,,,,51184,1.5524,0.9096,0.0039,0.1877,0.3456,0.6064,0.6064
518,38.2343221,105.9599766,3.28,180,246,2.7,3400,,,,,,,,51184,1.6935,0.9923,0.0042,0.2048,0.3771,0.6615,0.6615
519,38.23289366,106.5195947,3.94,148,230,0.57,2000,,,,,,,,51121,6.5271,1.5292,0.0065,0.3157,1.0171,1.7845,1.7845
520,38.23272007,106.5545699,6.56,164,203,0.25,2800,,,,,,,,51121,14.6418,3.4311,0.0146,0.7081,2.2819,4.0033,4.0033
521,38.2617955,105.9599892,4.92,148,201,3.57,2000,,,,,,,,51184,14.1126,8.2691,0.0353,1.7064,3.1423,5.5127,5.5127
522,38.26036657,106.5198095,2.62,164,187,7.04,3259,,,,,,,,51184,16.9351,9.9229,0.0423,2.0477,0,0,0
523,38.26019292,106.5547973,1.64,115,234,9.12,2300,,,,,,,,51121,21.8745,5.1268,0.0219,1.058,3.4094,5.9813,5.9813
524,38.26000934,106.589785,9.84,197,189,1.07,2600,,,,,,,,51184,112.9008,26.9573,0.2822,13.651,25.1381,44.1019,44.1019
525,38.28926844,105.9600019,2.62,148,234,1.76,700,,,,,,,,51184,10.5845,2.4807,0.0106,0.5119,0.2639,0.4631,0.4631
526,38.2880028,106.4850237,2.62,164,187,29.33,3259,,,,,,,,51184,42.3378,24.8073,0.1058,5.1191,0,0,0
527,38.28783902,106.5200244,3.28,148,248,0.6,3600,,,,,,,,51184,1.6935,0.9923,0.0042,0.2048,0.3771,0.6615,0.6615
528,38.28766531,106.5550248,2.62,164,187,1.32,3259,,,,,,,,51184,6.3507,3.7211,0.0159,0.7679,0,0,0
529,38.3167409,105.9600145,2.62,164,187,1.56,3259,,,,,,,,51184,11.2901,6.6153,0.0282,1.3651,0,0,0
530,38.31562875,106.4502127,3.94,131,174,0.56,3600,,,,,,,,51184,2.1169,1.2404,0.0053,0.256,0.4713,0.8269,0.8269
531,38.31547483,106.4852262,3.94,131,174,0.38,3600,,,,,,,,51184,1.6935,0.9923,0.0042,0.2048,0.3771,0.6615,0.6615
532,38.34419799,105.8549456,2.62,148,234,1.56,200,,,,,,,,51184,2.8225,1.6538,0.0071,0.3413,0.6285,1.1025,1.1025
533,38.34421289,105.8899728,4.92,164,392,0.69,3400,,,,,,,,51121,32.2076,10.9406,0.0467,2.2575,7.2753,12.7636,12.7636
534,38.34421289,105.9600272,4.92,148,367,0.08,2000,,,,,,,,51122,1.6229,0.1301,0.0014,0.0683,0.5166,0.9063,0.9063
535,38.34324438,106.4153764,4.59,148,393,5.01,3400,,,,,,,,51122,14.3298,12.1567,0.1129,5.4604,0.685,1.2018,1.2018
536,38.34310035,106.4504026,3.61,148,359,36.69,3259,,,,,,,,51122,22.9462,10.633,0.1291,6.2453,4.5789,8.0332,8.0332
537,38.37168439,105.8899601,3.94,164,359,32.89,3259,,,,,,,,51122,33.8548,15.6881,0.1905,9.2144,6.7555,11.8518,11.8518
538,38.37168936,105.925,2.62,148,359,3.32,3259,,,,,,,,51184,9.3143,5.4576,0.0233,1.1262,0,0,0
539,38.37168439,105.9600399,3.28,98,360,0.89,2600,,,,,,,,51121,36.3389,3.8446,0.0164,0.7935,2.5569,4.4857,4.4857
540,38.37166948,105.9950797,2.62,148,360,74.24,3259,,,,,,,,51122,18.8084,8.7156,0.0952,4.6072,3.7531,6.5844,6.5844
541,38.37071555,106.4155538,4.59,180,360,72.72,3259,,,,,,,,51122,56.4251,26.1469,0.3175,15.3574,11.2593,19.7532,19.7532
542,38.37057147,106.4505927,2.62,131,360,37.41,3259,,,,,,,,51122,13.1655,6.1224,0.0741,3.5834,2.6269,4.6086,4.6086
543,38.39914049,105.9951051,3.28,148,361,38,3259,,,,,,,,51122,18.8084,8.7156,0.1058,5.1191,3.7528,6.5839,6.5839
544,38.39911563,106.0301576,3.28,98,360,1.86,2400,,,,,,,,51122,15.7951,1.2624,0.1677,0.6672,5.0276,8.8204,8.8204
545,38.39866335,106.2755238,3.94,154,361,30.98,3259,,,,,,,,51122,22.5691,10.4588,0.127,6.143,4.5035,7.9009,7.9009
546,38.39844467,106.3456278,3.94,148,360,15.83,3259,,,,,,,,51122,13.1655,6.1004,0.0776,3.754,2.6269,4.6086,4.6086
547,38.39832042,106.3806796,2.62,98,361,13.03,2600,,,,,,,,51122,8.3011,3.9868,0.0434,2.0988,2.033,3.5667,3.5667
548,38.39818622,106.4157313,3.94,164,360,23.75,3259,,,,,,,,51122,24.4501,11.3298,0.1411,6.8255,4.879,8.5596,8.5596
549,38.39804209,106.4507829,3.94,164,360,47.51,3259,,,,,,,,51122,37.6167,17.4313,0.2116,10.2383,7.5062,13.1688,13.1688
550,38.39788802,106.4858343,4.92,148,367,0.15,2000,,,,,,,,51122,3.4488,0.2756,0.003,0.145,0.438,0.7685,0.7685
551,38.39772401,106.5208856,3.94,148,360,21.11,3259,,,,,,,,51122,22.5691,10.4588,0.127,6.143,4.5035,7.9009,7.9009
552,38.42658613,106.0301956,4.59,98,387,87.94,3200,,,,,,,,51122,17.4158,1819.2028,1099.5555,24.306,3.6849,6.4648,6.4648
553,38.42655133,106.0652608,3.94,164,360,8.34,3259,,,,,,,,51129,48.565,9.4466,0.0705,3.4128,5.7283,10.0497,10.0497
554,38.42613369,106.2756507,3.28,98,387,2.81,3200,,,,,,,,51129,4.9394,4.6307,0.0198,0.9556,0.9502,1.6671,1.6671
555,38.42602929,106.3107154,4.92,180,393,34,3400,,,,,,,,51129,10.0442,5.0993,0.4725,22.8552,3.5416,6.2134,6.2134
556,38.42591493,106.34578,2.62,98,360,11.27,2600,,,,,,,,51129,28.2252,5.9538,0.1129,5.4604,5.4298,9.526,9.526
557,38.42519403,106.5211013,3.28,131,360,3.2,3259,,,,,,,,51129,11.655,2.2668,0.0141,0.6826,1.3747,2.4118,2.4118
558,38.42502002,106.5561651,3.28,131,360,1.61,3259,,,,,,,,51129,6.7994,1.322,0.0194,0.9385,0.8019,1.4069,1.4069
559,38.42483606,106.5912287,3.94,131,360,2.97,3259,,,,,,,,51129,15.5404,3.0232,0.0529,2.5596,1.8332,3.2161,3.2161
560,38.45402131,106.0653116,3.94,148,360,1.39,3259,,,,,,,,51129,9.7123,1.8898,0.0882,4.2659,1.1463,2.011,2.011
561,38.45378258,106.2056226,4.59,164,392,15.42,3400,,,,,,,,51129,94.5081,147.6697,0.6299,30.4725,26.9348,47.2541,47.2541
562,38.45369803,106.2407002,3.94,148,360,10.7,3259,,,,,,,,51131,9.4047,4.3584,0.0176,0.8532,1.8766,3.2922,3.2922
563,38.45360353,106.2757777,4.59,164,360,31.73,3259,,,,,,,,51131,37.6167,17.4313,0.0705,3.4128,7.5062,13.1688,13.1688
564,38.45349909,106.3108551,3.94,148,360,2.02,3259,,,,,,,,51131,1.8523,0.4961,0.0053,0.256,0.1207,0.2117,0.2117
565,38.45266354,106.5213171,4.59,164,360,29.72,3259,,,,,,,,51132,38.1845,17.6926,0.1013,4.8813,7.619,13.3667,13.3667
566,38.45248947,106.5563936,4.59,164,360,72.72,3259,,,,,,,,51132,56.4284,26.1524,0.1206,5.6744,11.2587,19.7521,19.7521
567,38.48149077,106.0653624,3.94,164,360,31.9,3259,,,,,,,,51132,27.2737,12.6385,0.1264,6.0446,5.4424,9.5481,9.5481
568,38.481446,106.1004529,3.61,148,360,9.09,3259,,,,,,,,51132,8.4643,3.9218,0.0886,4.2864,0.2002,0.3512,0.3512
569,38.48139127,106.1355434,3.94,164,360,52.38,3259,,,,,,,,51132,24.2627,11.2427,0.0894,4.324,4.8416,8.494,8.494
570,38.48132659,106.1706339,4.92,98,379,30.46,8000,,,,,,,,51132,393.8541,74.4087,1.4996,72.545,20.5378,36.0312,36.0312
571,38.48125196,106.2057242,3.94,164,360,70.64,3259,,,,,,,,51132,67.1131,0,0.3121,14.9688,13.392,23.4947,23.4947
572,38.48107285,106.2759047,3.94,164,360,111.78,3259,,,,,,,,51131,75.2334,34.8625,0.1411,6.8255,15.0125,26.3376,26.3376
573,38.48096837,106.3109949,3.61,164,360,141.35,3259,,,,,,,,51131,87.4871,26.1469,0.1058,5.1191,11.259,19.7527,19.7527
574,38.47995841,106.5566223,3.94,148,360,30.79,3259,,,,,,,,51131,26.331,12.2019,0.0494,2.3889,5.8826,10.3204,10.3204
575,38.50843714,106.3111347,3.94,148,360,17.28,3259,,,,,,,,51131,15.0465,6.9725,0.0282,1.3651,3.0024,5.2674,5.2674
576,38.50742683,106.5568512,4.59,180,360,1.99,3259,,,,,,,,51132,56.4262,25.9694,0.0237,1.0306,1.118,1.9614,1.9614
577,38.50724269,106.591953,4.59,180,360,25.76,3259,,,,,,,,51132,58.306,27.019,0.127,6.143,11.6345,20.4115,20.4115
578,38.53489473,106.5570803,4.59,180,360,54.1,3259,,,,,,,,51132,58.306,27.019,0.127,6.143,11.6345,20.4115,20.4115
579,38.53471052,106.5921948,3.94,98,383,17,2800,,,,,,,,51132,10.1875,0,0.2955,6.701,0.6533,1.1461,1.1461
580,38.5623621,106.5573095,4.27,164,360,35.66,3259,,,,,,,,51132,56.3346,2.6097,0.0882,4.2659,11.2411,19.7213,19.7213
581,38.58982893,106.5575389,4.59,164,360,32,3259,,,,,,,,51132,53.7745,24.9187,0.0189,0.8564,10.7305,18.8254,18.8254
582,38.61729521,106.5577684,3.28,164,388,32.36,3200,,,,,,,,51132,9.7642,36.9133,4.8286,0.1067,2.5113,4.4058,4.4058
583,38.64476095,106.5579981,4.27,148,360,16.19,3259,,,,,,,,51132,22.5702,10.4588,0.0811,3.9247,4.5038,7.9014,7.9014
584,38.64457649,106.5931636,3.28,98,383,8.65,2600,,,,,,,,51132,22.2274,6.8071,0.0741,3.5834,4.0365,7.0817,7.0817
585,38.6720416,106.5934062,4.59,180,360,34.96,3259,,,,,,,,51132,94.0473,43.5837,0.2222,0.2222,18.7656,32.9221,32.9221
586,38.6718471,106.6285843,26.25,492,158,2.76,4900,,,,,,,,51108,8585.4467,119.0739,620.6597,5.7849,1357.5965,2340.6836,2340.6836
587,38.69931159,106.6288399,26.25,492,239,3.32,4900,,,,,,,,51108,567.7288,267.0893,993.0554,9.2558,38.6688,66.6703,66.6703
588,38.7267755,106.6290957,32.81,984,320,48.78,4900,,,,,,,,51108,10578.4677,13654.201,13542.4836,126.2227,175.5347,302.6461,302.6461
589,38.75511248,106.4532678,16.4,492,158,7.25,4900,,,,,,,,51108,1410.3308,1906.6263,657.7482,6.1306,300.0781,517.376,517.376
590,38.75423884,106.6293516,16.4,492,158,1.04,4900,,,,,,,,51108,264.6086,274.2668,94.6128,0.8818,43.1643,74.4212,74.4212
591,38.75403416,106.6645679,32.81,984,320,7.49,4900,,,,,,,,51108,13353.2417,226019.8506,2558.3509,23.845,125.3363,216.097,216.097
592,38.78272036,106.4182299,26.25,492,248,3.74,4900,,,,,,,,51182,24812.5695,664.8291,655.4771,6.1094,188.3241,324.6968,324.6968
